address,cex_name,distinct_name
AobVSwdW9BbpMdJvTqeCN4hPAmh4rHm7vwLnQ5ATSyrS,Crypto.com,Crypto.com 2
9ftgm6hjulcpa8an4sfg5yshuexdzbtmedcxsyntnwh5,Robinhood,Robinhood 3
12T1tgaYZzEkFpnPvyqttmPRJxbGbR4uDx49cvZR5SRF,Bitfinex,Bitfinex 1
DdzFFzCqrhstFM5XQYA28G2ekCkvpb6bPdhUT5vcsZtq,Bitfinex,Bitfinex 5
rndrizKT3MK1iimdxRdWabcF7Zg7AR5T4nud4EkHBof,Backpack,Backpack 7
AjCHG7CYJST379Eh7xLqhRaUyBzurFKjsX7z8DTrfGZp,CoinDCX,CoinDCX 13
Bq6NnW55ToJrAM7NxUYDmSMbKKCQ6f742ZemLiypqjzY,CoinDCX,CoinDCX 14
at7s987xtv86xx265k42gtvuvkt4vyjjxgqn9wat2zmd,CoinDCX,CoinDCX 19
BWZqi67kXsvf5crjd19Fb3gmf3DCipGE8eWWJT2YHDXQ,OKX,OKX 14
1xpD24SQ9UgeFPQ2P9eRc7dppjgU9hiHDULqvWNfH3g3,OKX,OKX 28
H8sMJSCQxfKiFTCfDR3DUMLPwcRbM61LGFJ8N4dK3WjS,Coinbase,Coinbase 1
1UJSCYLh44UYhkm1WwXAwT2W8nirTD74VzPsdhfsstY8,Bitfinex,Bitfinex 3
FyJBKcfcEBzGN74uNxZ95GxnCxeuJJujQCELpPv14ZfN,Bitfinex,Bitfinex 11
4DgunMfBb19GaMZ1Z48oqcymZ4eBA4v5SUdRnapzj66G,Coinsquare,Coinsquare 2
Cet3t77x2BBVSmiEFm8ZPoDSngbpso2RuWPL79Ky7SpA,Swissborg,Swissborg 1
15mENJiKxtbxE2PNcB8qTaatYKjFTN4kitEzZ5eiHFGW,Swissborg,Swissborg 7
7SRyi7urg28j1XtioKbcJLtkL9Pqu39Y4CTAXwmu2Hts,CoinList,CoinList 1
mb1eu7TzEc71KxDpsmsKoucSSuuoGLv1drys1oP2jh6,Backpack,Backpack 6
42brAgAVNzMBP7aaktPvAmBSPEkehnFQejiZc53EpJFd,Bybit,Bybit 1
8wkq8ywmughxkm7n75d2fmrgnmvwun6rhepyknjxqm99,Korbit,Korbit 1
7o9ukGhWvc71yYcjinKnrxMn2kFMyQD1iCG3romrzg7r,OKX,OKX 7
945SJTwsBSqwEEgtKMnhcLDnJowP6YpJUTEykMVK5k6q,OKX,OKX 9
APJmXrtC9TUAg5gcjbcsVUiVzeDv85xLZRLad1GiQTNE,OKX,OKX 11
5kiqH41rz2wPoNH5FuDJ3x8dB3EEe3XGoSWy2485tAp9,OKX,OKX 32
2ojv9BAiHUrvsm9gxDe7fJSzbNZSJcxZvf8dqmWGHG8S,Binance,Binance 4
3gd3dqgtJ4jWfBfLYTX67DALFetjc5iS72sCgRhCkW2u,Binance,Binance 18
GBrURzmtWujJRTA3Bkvo7ZgWuZYLMMwPCwre7BejJXnK,Binance,Binance 21
6oCa9Tz8VXVp63WiFyruE5PD6yXz3pCsv6oGzUGvg9TP,Binance,Binance 22
GK35nWN6ZHSGZrRTf8kTQd8RkFCighChPEb41XwSFVAC,Binance,Binance 23
EPauhjQjjTBCpeBtszS3xGRASLpEJFM1cspSiFRXZa9Z,Binance,Binance 24
13AE11jLvxcxsjqaSoWFXCTGUfbjXb1gmZTY8x3TXJzW,Bitfinex,Bitfinex 2
J4rzLDLhLWFpjSgCMCcxTU84bQ8AH5vhgjwq7SjYVk8Q,Bitfinex,Bitfinex 10
JUPyiwrYJFskUPiHa7hkeR8VUtAeFoSYbKedZNsDvCN,Backpack,Backpack 3
jtojtomepa8beP8AuQc6eXt5FriJwfFMwQx2v2f9mCL,Backpack,Backpack 5
HBxZShcE86UMmF93KUM8eWJKqeEXi5cqWCLYLMMhqMYm,Bitstamp,Bitstamp 3
4E73T5Zubx3kPtheJ5DB6QMEaadMQowhUcdRV6f9rvVt,CoinDCX,CoinDCX 3
G9RCBaYb8aBRxoe8QBC2ucGrVqjuZFysRhY8d56cnNT1,Binance,Binance 8
2XxP4kS2vfkiMvpLpGNxry3fPUYimsuAmSbqL1KnuwZ8,Swissborg,Swissborg 3
9qoUcyhKSWMbk6tqGUYQUpeosPcdUnJszG4eQKwfe4gL,Swissborg,Swissborg 4
2E1UKoiiZPwsp4vn6tUh5k61kG2UqYpT7oBrFaJUJXXd,Swissborg,Swissborg 5
15Fg7p6pzLo6uinCFdsx3HTWdAx4vFt8nnw2E3JWHHwh,Swissborg,Swissborg 6
E1EfU3iKUS16mB2vdgj6mi3ssV32dm2Pxh7W74XxKuYu,Bitstamp,Bitstamp 1
6fuHoq5Tr2j6dFTGWHmLUhVBUj8XvDBgdGGzgfSwe5DN,CoinDCX,CoinDCX 6
bc1qs9ut74nue7vjknz2eqxegmtuzqhjzx9y8tzjymv,Korbit,Korbit 5
51AASorYCLPcUHnuQQaau6DfsfFRixzh4HsoQwsc5Ara,LAToken,LAToken 2
8dUc88Nss8uhqzzFvUQhepkwZaVrfzpoCfKjCXGkdzAG,OKX,OKX 8
8tp9ffkz2kcrblydtunxo98ez6ojgb6mzepxfgddebzg,Robinhood,Robinhood 1
8W4u11KJYhmCY9rs2MCVHmMrgpeHLgsbkwAarbNvzr2Y,CoinDCX,CoinDCX 8
92qQCjprXoJ5GYji5it8PJTneBFxzSJ6mYosQWxYKxx4,CoinDCX,CoinDCX 11
HwgxMWxaq5cDbdVmoH24Gy8F9m9DkU7Mwgdbgh4mh2m7,CoinDCX,CoinDCX 17
Qzk5R52MedutUq3QGdMPiauR5SjbttqdBjDA5g6rf3H6,Gate.io,Gate.io 4
1347e3PfJKKcJL4XJhFeZ5UmZYRnk26Vs9aGjZ8RZLPk,LAToken,LAToken 1
14B3z6xL9vGgKz8WptoZabPrgH6adH1ev2Ven4SiTcdz,OKX,OKX 2
6NnzUC7mrM7ZgKdcMq1jPAdqh9TMgdsaVR1DNq6kce3A,OKX,OKX 4
bc1qdk55vq5vrzt44pn93t9e3rwecw2dy4pcwc5gwugd,OKX,OKX 25
2gp4phmq6mcz995xc6m8n6fn8nygjfg8p63ncy4gsp3x,OKX,OKX 29
5URmUviWsAtcciFXqgM7f1jmhvBULdQDT47dqDkrJUi,OKX,OKX 31
5LT2BQ7FFYBXW2PEDVB6KBX2F3C77WXBJ2FPVERBXXBU,KuCoin,KuCoin 4
1xXbYy1V5Sc3EQZ76wmcWy4gXTSyLbzgdDNJtGT6jEcL,Swissborg,Swissborg 8
5bJcc9eb2XE7mqcET2xDuAdMGuXWybb4YPmAHLjKLhQG,HTX,HTX 1
bc1q33m8td986p3vcnap9zqpx3d8v8zujtkvqacsya5x,Korbit,Korbit 2
bc1qnerwvz93pcj653r5yd4hnd2d7np2drhdhyruj7qd,Korbit,Korbit 4
u7q4ju4eyrd8ykvvdehryn6qyz3n4nh8ucfr8s3pgesk,LAToken,LAToken 4
7CtzEcGeYpMfR1aEi1Gbt8GRHDPH9uDB6GNTsBABqSmo,OKX,OKX 5
CeGyfZdtbjzC5FeVXCBdYE1v397yxxqYgmMcUwtouJUu,OKX,OKX 18
9WzDXwBbmkg8ZTbNMqUxvQRAyrZzDsGYdLVL9zYtAWWM,Binance,Binance 2
DRpbCBMxVnDK7maPM5tGv6MvB3v1sRMC86PZ8okm21hy,Binance,Binance 5
x5bd7de5c56d5691f32ea86c973c73fec7b1445e5973,Binance,Binance 12
2AQdpHJ2JpcEgPiATUXjQxA8QmafFegfQwSLWSprPicm,Coinbase,Coinbase 2
ASTyfSima4LLAdDgoFGkgqoKowG1LZFDr9fAQrg7iaJZ,MEXC,MEXC 1
57vSaRTqN9iXaemgh4AoDsZ63mcaoshfMK8NP3Z5QNbs,KuCoin,KuCoin 1
EkUy8BB574iEVAQE9dywEiMhp9f2mFBuFu6TBKAkQxFY,KuCoin,KuCoin 5
6b4aypBhH337qSzzkbeoHWzTLt4DjG2aG8GkrrTQJfQA,FTX,FTX 1
FxteHmLwG9nk1eL4pjNve3Eub2goGkkz6g6TbvdmW46a,Bitfinex,Bitfinex 9
EKpQGSJtjMFqKZ9KQanSqYXRcF8fBopzLHYxdM65zcjm,Backpack,Backpack 1
BbHG9GvPActFGogv3iNrpDAj4qpXr8t3jF16uGxXcKci,Backpack,Backpack 8
addr1qy5dqjx4mtegqu6kx5gu6upkk96c8haf38eksj5,CoinDCX,CoinDCX 18
DdzFFzCqrhseMuShaXzLDGDBa8jGEjdEjNc83jouqdqB,Gate.io,Gate.io 2
bc1qku6z53kuyaj9r898kj6esqnwz7wke82mwgw43vhu,Korbit,Korbit 3
BEaiMhcc4Kao7B4hoq6r9m8neUpfimUMwhzugKxtkZw6,OKX,OKX 12
BhJrLQEyFyrcf1746pHATzAZQpC1uk3SJf2AHHK7LW3K,OKX,OKX 15
44DwSkZbY2PVo9wfFP21D7HG7xf5rw8QaF6xSLGSfm7P,OKX,OKX 30
BZ3kabSsMzbuJUguYxtmkRtzw7ACqw1DUMH8PcbvXiUr,Ceffu,Ceffu 3
5tzFkiKscXHK5ZXCGbXZxdw7gTjjD1mBwuoFbhUvuAi9,Binance,Binance 1
13VagdYbCRMSBSbmz4UivPpS9SwmTTRiPtMkjoEHRm8v,Binance,Binance 6
HXsKP7wrBWaQ8T2Vtjry3Nj3oUgwYcqq9vrHDM12G664,Binance,Binance 9
HVh6wHNBAsG3pq1Bj5oCzRjoWKVogEDHwUHkRz3ekFgt,KuCoin,KuCoin 3
6wEMcwrcF5AP9jpHWQcPxHXciWA2g217Qq81CTWjbgBw,FTX,FTX 2
YT3i7wAtjNPCTEGNbUmgL4ym9udeV5k6Utc3vCmAbky6,Bitfinex,Bitfinex 7
821dTn3JEhhqg11Q24ijxRBYXfKWngGMibTqHS8hWjZb,Rollbit,Rollbit 1
A77HErqtfN1hLLpvZ9pCtu66FEtM8BveoaKbbMoZ4RiR,Bitget,Bitget 1
3Nvb6UeEMVLf9DsehhqT8B5SNHrNLEpHdf42nXi9aLK8,CoinDCX,CoinDCX 2
6XuYJv4PyauP2WKdgd4fZYvjK7uBdVkEySoy89fXV9XT,CoinDCX,CoinDCX 5
HnLezgQkNVWMp2AV6mcHM1Ljst32kfsoVnYUkvXuQpjg,OKX,OKX 23
Amf2mf2Ciap5wYAEKDtGoQHfHPWaKbyFYhutMK46hTRF,Binance,Binance 3
1743nDTMZisPgBCYSAgkUn1kVG7MePc9rvMEjoRNf4ip,Binance,Binance 14
6QJzieMYfp7yr3EdrePaQoG3Ghxs2wM98xSLRu8Xh56U,Binance,Binance 20
6FEVkH17P9y8Q9aCkDdPcMDjvj7SVxrTETaYEm8f51Jy,Crypto.com,Crypto.com 1
6brjeznfspqjwoo16z1ybywkguaruxzhnz9bjmvze8pd,Robinhood,Robinhood 2
AC5RDfQFmDS1deWZos921JfqscXdByf8BKHs5ACWjtW2,Bybit,Bybit 2
EBVigEhxvkWUwreG98kTh5FbZEjnXTXC5ANZtLz4YpHQ,OKX,OKX 19
uheu4997ufs84efw7jw248mk9v83sgpmvsr6nawhaadx,OKX,OKX 26
3yFwqXBfZY4jBVUafQ1YEXw189y2dN3V5KQq9uzBDy1E,Binance,Binance 19
bc1q75tsfq2c5cqp2ss32qksmnzd9yea2mjsjktdmrz9,Kraken,Kraken 3
JDQ7EW3VY2ZHK4DKUHMNP35XLFPRJBND6M7SZ7W5RCFD,Bitfinex,Bitfinex 6
6iVBAsquJRaLsXbojb18kqTW1d5iVLspVjCtsReZBKhY,AscendEX,AscendEX 1
hntyVP6YFm1Hg25TN9WGLqM12b8TQmcknKrdu1oxWux,Backpack,Backpack 4
43DbAvKxhXh1oSxkJSqGosNw3HpBnmsWiak6tB5wpecN,Backpack,Backpack 9
9un5wqE3q4oCjyrDkwsdD48KteCJitQX5978Vh7KKxHo,OKX,OKX 10
enC1zkqfU5X4x84LMKSzcRdsSSiF7M1Nt7ovm62jRXr7,Binance,Binance 11
1P6bgxZi42kYYV545c3RSp7NJLUgASDpMP1ifXJazVR1,Binance,Binance 15
FWznbcNXWQuHTawe9RxvQ2LdCENssh12dsznf4RiouN5,Kraken,Kraken 1
ft4vm2xm3fyfvurrkende46hpmwwnzpctfu3szxpve2,Kraken,Kraken 4
dc521827821f1695538ff9312df15f32837bbfe95bc9,Swissborg,Swissborg 9
ETZY5TjMKdV2KdHVmUNTN56pWhMc8TyjrXtQ7YexDCmG,Bitstamp,Bitstamp 2
5bjZPeHbdGUCduyY8i2dZkkgLWkG3u1P2sbt1Jb5kFxW,CoinDCX,CoinDCX 4
8zSWFy8wvHEuFJ7CZ81wy2wn4fPaju6jc6tbtbv5x9f8,CoinDCX,CoinDCX 10
EUXVDPCwXe9sJt3VucYfveB1kk5piSWJqhWQEsFtE2CR,CoinDCX,CoinDCX 15
CLNEVwuSAiGsvPtE74yLhda4beNfd8qfZXVKkUcAJZDL,Gate.io,Gate.io 1
dTcjJxSrPHVZJBsQprUEc5pRhgMWQaGciTssoZVwrSKm,Gate.io,Gate.io 5
16ZL8yLyXv3V3L3z9ofR1ovFLziyXaN1DPq4yffMAZ9c,Binance,Binance 13
GJRs4FwHtemZ5ZE9x3FNvJ8TMwitKTh21yxdRPqn7npE,Coinbase,Coinbase 3
BmFdpraQhkiDQE6SnfG5omcA1VwzqfXrwtNYBwWTymy6,KuCoin,KuCoin 2
9uyDy9VDBw4K7xoSkhmCAm8NAFCwu4pkF6JeHUCtVKcX,FTX,FTX 3
88xTWZMeKfiTgbfEmPLdsUCQcZinwUfk25EBQZ21XMAZ,HTX,HTX 2
8NBEbxLknGv5aRYefFrW2qFXoDZyi9fSHJNiJRvEcMBE,HTX,HTX 3
FJS2rTjAQmFFRmVqtnkceGvLJrMwUPgCUfLjciuMYkSC,OKX,OKX 20
16hp43x8DUZtU8L3cJy9Z8JMwTzuu8ZZRWqDZnpMhp46,OKX,OKX 24
5VCwKtCXgCJ6kit5FybXjvriW3xELsFDhYrPSqtJNmcD,OKX,OKX 33
28nYGHJyUVcVdxZtzKByBXEj127XnrUkrE3VaGuWj1ZU,Ceffu,Ceffu 1
Edbef6Xi35u6iYEmeGAFmThCZrgj6MxzYAgAmZFYPmFF,Binance,Binance 17
GnCRxKqUEPouYMvTb5nJMGrDB3VkTXZnDTaDuVZdnWA3,Bitfinex,Bitfinex 12
Fe7SEekiKygziaEGKxsDsgLVzrCfNvVBvAYsaJBwFA8s,Swissborg,Swissborg 2
HZ1JovNiVvGrGNiiYvEozEVgZ58xaU3RKwX8eACQBCt3,Backpack,Backpack 2
2vzgquwagv84t9xcjekauja5cz4wsat2uc2fe4mqfdza,CoinDCX,CoinDCX 1
8nFGjbJNdarBouEC856Qmhrm8fptuEUnZrpNKgougsLi,CoinDCX,CoinDCX 9
EhZLSqyWrazhqR5bmyyEfFRa3ycWu9KPgQgQ7G1R9zC9,CoinDCX,CoinDCX 16
DdzFFzCqrhtBatWqyFge4w6M6VLgNUwRHiXTAg3xfQCU,Gate.io,Gate.io 3
BY4StcU9Y2BpgH8quZzorg31EGE4L1rjomN8FNsCBEcx,HTX,HTX 4
7fGw3UURsxk1szQ4buxQyEkiF4P6z7vx7sN1MHEguTJg,OKX,OKX 6
15abPBmJrMY7QJeCEQJQbQ9a62A7ndfTo8KC7Wn4dzt9,OKX,OKX 13
CE8joA143dBjsCFTeBxBs3kNGNU87WH6Q7GMMfxPzSr2,OKX,OKX 16
CGZAHxBannZzYK3rzVdG1e3uNjMxrmaXDhLEZxQBbueq,OKX,OKX 17
5SDrsMNTYdhmApjfqYHDvjoW92f2S42vcc7zNDVcQ9Ej,Ceffu,Ceffu 2
MTCEM5YJJSYGW2RCXYXGE4SXLSPUUEJKQAWG2GUX6CNN,Binance,Binance 10
1qnJN7FViy3HZaxZK9tGAA71zxHSBeUweirKqCaox4t8,Binance,Binance 16
erd1a56dkgcpwwx6grmcvw9w5vpf9zeq53w3w7n6dmxc,Bitfinex,Bitfinex 8
1P7cDFGeWm6ezez6XGXTAjvm8qcsGiMXe7,Coinsquare,Coinsquare 1
bc1qgc446er7nn9t92hnk5untxg2ad4hvxaanpvwmrex,Bitstamp,Bitstamp 4
u6PJ8DtQuPFnfmwHbGFULQ4u4EgjDiyYKjVEsynXq2w,Gate.io,Gate.io 6
FefAbVt2EgXMGxeJb6sB1k5pQJhiGPxw4mB1zeUohZLk,OKX,OKX 21
1Dkx7zjy4pRMwLQwWkbhb9Jxy7EXLfkdHVRXufwvdLV7,OKX,OKX 27
aebwztwxscynnuqcedhs54wttrqrw3nj1utqddzb4c7b,Robinhood,Robinhood 4
6p8LxMvHUZtdiik28TQy483WaCaDGsAUFm3PKjpUpLB,CoinDCX,CoinDCX 7
9buzBcTujdQLyf1XkyLaSrGNbkyNxg8qML3bpKWCz9P6,CoinDCX,CoinDCX 12
erd1z5xjeu4xw32jkckhj9jpc9dymj6a9h8yxtch96e4,LAToken,LAToken 3
6Attw9NcFspCAreufvQ3mW8aqXEk6MDceeoC8obw45cJ,OKX,OKX 3
887234fe5ed5e77272465317978ae86c25a71531d933,Binance,Binance 7
krakeNd6ednDPEXxHAmoBs1qKVM8kLg79PvWF2mhXV1,Kraken,Kraken 2
6ZRCB7AAqGre6c72PRz3MHLC73VMYvJ8bi9KHf1HFpNk,FTX,FTX 4
JBpj7yp4Afvb71TmanVwJZXGeX4kqbGFvjCFCRo3EbTM,FTX US,FTX US 1
BZHBVLCCYGERFGQ3ZRQPSJ7R6UB3NXFBF552BGYAGX4,Bitfinex,Bitfinex 4
i57ExrKB2i4mSgjSuq2xz617mQXmu33WG2WEYypmdvX,Bitstamp,Bitstamp 5
HiRpdAZifEsZGdzQ5Xo5wcnaH3D2Jj9SoNsUzcYNK78J,Gate.io,Gate.io 7
s9dsgkgwk759fxrnpae7f4q5d3uk2aw97ypjvvf3kjy4,NBX,NBX 1
GcFZHQVJ2icPGLrA9qPLq88b7eqBXSUcdL1utUtUfcSD,OKX,OKX 22
DPqsobysNf5iA9w7zrQM8HLzCKZEDMkZsWbiidsAt1xo,coinbase,coinbase hot wallet4
5g7yNHyGLJ7fiQ9SN9mf47opDnMjc585kqXWt6d7aBWs,coinbase,coinbase hot wallet
is6MTRHEgyFLNTfYcuV4QBWLjrZBfmhVNYR6ccgr8KV,okx,okx hot wallet1
6LY1JzAFVZsP2a2xKrtU6znQMQ5h4i7tocWdgrkZzkzF,kraken,kraken hot wallet
FpwQQhQQoEaVu3WU2qZMfF1hx48YyfwsLoRgXG83E99Q,coinbase,coinbase hot wallet
9SLPTL41SPsYkgdsMzdfJsxymEANKr5bYoBsQzJyKpKS,hyperunit,hyuperunit hot wallet
6TzYiZQXFt7nXyLq91QeBnEXTgmcvtxpQ61j2jUfMoa7,kraken,kraken hot wallet
Gem2VAypSg7Ai7vjDKPTtqFahpoQWkfgVkyzx3rPoTka,bybit,bybit14
G9X7F4JzLzbSGMCndiBdWNi5YzZZakmtkdwq7xS3Q3FE,stake.com,stake vault
2qo8jvuc49pFmTjmUHLiARSV6ppPTaE7gw27ZJ6DnNZy,bybit,bybit12
C68a6RCGLiPskbPYtAcsCjhG8tfTWYcoB4JjCrXFdqyo,okx,okx wallet
D89hHJT5Aqyx1trP6EnGY9jJUB3whgnq3aUvvCqedvzf,coinbase,coinbase wallet
RBHdGVfDfMjfU6iUfCb1LczMJcQLx7hGnxbzRsoDNvx,rollbit,rollbit treasury
9obNtb5GyUegcs3a1CbBkLuc5hEWynWfJC6gjz5uWQkE,coinbase,coinbase4
59L2oxymiQQ9Hvhh92nt8Y7nDYjsauFkdb3SybdnsG6h,coinbase,coinbase5
5PAhQiYdLBd6SVdjzBQDxUAEFyDdF5ExNPQfcscnPRj5,mexc,mexc2
8s9j5qUtuE9PGA5s7QeAXEh5oc2UGr71pmJXgyiZMHkt,lbank,lbank
5LZkATrLwHYCQj2YuVbjjgsDZzBk6YfL4pFQRJmtboT2,bybit,bybit15
53unSgGWqEWANcPYRF35B2Bgf8BkszUtcccKiXwGGLyr,binance,binance hot wallet
9VWD3xbXWtC2aGN1mQcVFwZMRPSjJfknNYq4DqGQ7B8B,crypto.com,crypto.com hot wallet
22Wnk8PwyWZV7BfkZGJEKT9jGGdtvu7xY6EXeRh7zkBa,crypto.com,crypto.com hot wallet3
BA7UdvSVywRisn8YLMpg6emrNNk3N3TFqSrKJXmTBKdt,btc turk, btc turk wallet
GCRJD52pGwcCSs4oswYxTBCPatxY1P6WpxCC9R9zty6r,coinbase,coinbase hot wallet
AafGzY9eiC5Ud3YFZQwkaKApp48cVBAT2kksGvEjhUvH,coinbase,coinbase hot wallet
8JUEoHNMbWM4eegcMvx6ZQJt3V3fbo8JNjpWiCtJgxfF,coinbase,coinbase hot wallet
3vxheE5C46XzK4XftziRhwAf8QAfipD7HXXWj25mgkom,coinbase, coinbase prime
CK8i4zFXkDE2KWfyg7g9S748r6mwxajbcKcyGhQMR3qQ,bybit,bybit wallet13
Fi3kigPLsFtSvq7N1KBtz51C8Gc8XyMFWhYjbRkaFMxS,bithumb, bithumn hot wallet
9ZifroknFoYu4r6DUk6nYoJiUQnEyyoUyeAwjXbPoL2x,bybit,bybit14
7mhcgF1DVsj5iv4CxZDgp51H6MBBwqamsH1KnqXhSRc5,upbit,upbit hot wallet
AEZoku1fLfUz5JYJ3kJ5YVdf3QT1T4RwdggGbuR8Eakd,okx,okx hotwallet
ADqZYsW9SVZ6bCSGDqfBiPkfaZuQKGg79MA357otX8Ud,crypto.com,crypto.com hot wallet5
faczL4zr9Ss5U3sN829LgykeUZQ8BiNqkXPub6nUSHe,rapira,rapira
CDhUgGEiUxx1aTbnoiSAKcmBhnGUFRQ6AMzuLQRD5VFZ,kraken,kraken hot wallet
3yHvm5kFrEqYURBekXAXEpEWggpb8q51VRWDZtjZRQpT,rapira,rapira
4xLpwxgYuPwPvtQjE94RLS4WZ4aD8NJYYKr2AJk99Qdg,robinhood,robinhood hot wallet
i9XvhQqBCTQapqaFKPDuCbtPYMCwELmX8VTCsDhRG7d,bybit,bybit
iGdFcQoyR2MwbXMHQskhmNsqddZ6rinsipHc4TNSdwu,bybit,bybit10
4NyK1AdJBNbgaJ9EsKz3J4rfeHsuYdjkTPg3JaNdLeFw,coinbase,coinbase4
44P5Ct5JkPz76Rs2K6juC65zXMpFRDrHatxcASJ4Dyra,wintermute,wintermute hot wallet
Bc5bth4Mn2n8DX1etZwvnq3uDEGg479s2D24TCEsnXHf,bullish,bullish hot wallet
DMe3ddj7awSR3LFC64rjmCPexsrSv33QAxFoJux4vGH3,swissborg,swissborg hot wallet
C57RBagtGDYpTGxwG92gSKQ5ptQr4Wa9qz3yDBB6uu1B,swissborg, swissborg vault
76iXe9yKFDjGv3HicUVVy8AYxHLC71L1wYa12zaZzHHp,shuffle.com,hot wallet
