wallet,reason
Mihso7kXXNPb7GUZ71H7MedYrpW88MTQFdLKrtAnDvj,spam dust
HwRZeJGTdP2BoWGHoJATY48WnXP68XWGhHLxF5AstePy,spam dust
fLiPgg2yTvmgfhiPkKriAHkDmmXGP6CdeFX9UF5o7Zc,spam dust
6m35NJheJcymewtK1nWJ8m3x4X31ToTrTdQSu64gzGAk,spam dust
odinKoMSVpxrJUZDNQotqk8GejBmfg5YCPehjy5wQFq,spam dust
7uTT8Xi5RWXzy7h9XL244GRgEycDYDhLjr3ZyNdXi8pZ,relay1
EHcege7dok1iYs7SxL2XzDPvhg6XzMVcx2V5SkMUurJP,scorch
odinZCYLkjzeAxhZ8uF6Eea1GF6iPczsPbKSEnh7A7s,spam dust
6GpvpHXBJA7pW8gP9KEXBJ2spNyydmbY5Q4nbdoo5TeT,relay2
F7p3dFrjRTbtRp8FRF6qHLomXbKRBzpvBLjtQcfcgmNe,relay solver
GpMZbSM2GgvTKHJirzeGfMFoaZ8UR2X7F4v8vHTvxFbL,Raydium vault authority2
GGztQqQ6pCPaJQnNpXBgELr5cs3WwDakRbh1iEMzjgSJ,jupiter aggregator authority7
BQ72nSv9f3PRyRKCBnHLVrerrv37CYTHm5h3s9VSGQDV,jupiter aggregator authority1
2MFoS3MPtvyQ4Wh4M9pdfPjz6UhVoNbFbGJAskCPCj3h,jupiter aggregator authority2
6LXutJvKUw8Q5ue2gCgKHQdAN4suWW8awzFVC6XCguFx,jupiter aggregator authority5
CapuXNQoDviLvU1PxFiizLgPNQCxrsag1uMeyk6zLVps,jupiter aggregator authority6
9nnLbotNTcUhvbrsA6Mdkx45Sm82G35zo28AqUvjExn8,jupiter aggregator authority8
69yhtoJR4JYPPABZcSNkzuqbaFbwHsCkja1sP1Q2aVT5,jupiter aggregator authority11
6U91aKa8pmMxkJwBCfPTmUEfZi6dHe7DcFq2ALvB2tbB,jupiter aggregator authority12
4xDsmeTWPNjgSVSS1VTfzFq3iHZhp77ffPkAmkZkdu71,jupiter aggregator authority14
WLHv2UAZm6z4KyaaELi5pjdbJh6RESMva1Rnn8pJVVh,Raydium Launchpad authority
8ekCy2jHHUbW2yeNGFWYJT9Hm9FW7SvZcZK66dSZCDiF,Tessara V authority
5Q544fKrFoe6tsEbD7S8EmxGTJYAKtTVhAW5Q5pge4j1,Raydium authority4
2snHHreXbpJ7UwZxPe37gnUNf7Wx7wv6UKDSR2JckKuS,debridge bridge vault eth to sol
MfDuWeqSHEqTFVYZ7LoexgAK9dxk7cy4DFJWjWMGVWa,wintermute automated liquidity bot
