token_count,wallet
9,27xB5gydCM7LPcDuJA6oNShGTVSAeNjmi5r95uB5z2cK
9,4iZ2v3rJnF8pp4TybqXBCBqYYQmKXn94V8hMYviekUfY
8,CT8q6CuBuxej1ztvGCRb3dEoyfdfaS3RBcizUdFCuRhB
8,GsYWQ1juLzSSHh2xxxhyMj1tY1raR3PVZgkfD4diHjAv
7,Aa8oCaj5BFY5jFSCCNGkFQXcbQYvy2WbeKH73m7ABcsn
7,GA6653eGabw4QCfMjVAin2e9283opW96ZfXi7TTjmnYG
6,DDM6EQtz6ApSjYWfVMA3JHNRjRrKkSy9B3bnBXuAeBUH
5,59HfznzaC8zwz9DJxNbbGo9LSWDYZnGeCi2kh9p4dPWC
5,ASZowdFwvkBtLe2TEdcKxwDnEhDTo1S9fbRqjjgGqHdp
5,BVziE3ADny6PePfxQzsdDUW15a1VjE4BUh9WbxV4fFus
5,Gas3f84DgYaJsDXXUwqwAuvMrM92iwM6SFNQF6Wihd2Q
5,GvA3xRPU1A9CwF4KoVwUCjsx5Kr2h8hHvgEfwkGph21w
4,2Dqzhgt6REoFea9fWg6TaCirHhomBUizqCDKYZ89K1sd
4,48CZpd1rAeJS7BTaZpkdEDMRgoUJ2kG2HzBC2DLGVSzo
4,4duyoiA2LJNGLcJk1dc1FC1YkD79zsjH28QNCFeE4oS8
4,4qDzk5riafTQx11yiTVeRFV2XJKPCrt9jJjvhDexLaox
4,65KmT6A8QGRVBmXa6JPTxjxBM6XnRkZmFAfegqJcCGHR
4,6WRNy3vKHYcBonwWj8VBR4tnG8b7xwP4ypdaDEaJ9T7s
4,A2ErR8JUyn3ajSfJgrQGiKpydqywerkM9eq1cZmA7THf
4,BTAW2d6WbSHussat3RYukPTYj5Hf99R66dCDDDnkjF9Z
4,Cv2eP7GEtTajSiBrNYaHWwZeLK8TWkA3NbVbhw6BZnXX
4,GLiGtnj4VjPzZ8AwZoKzzQYBn2yfrfpaqVRyA38pfdnn
3,28QQcAVR6Sx5ppkBEfPxnz7ahcMjPdXBtqVg75KFRPdX
3,2TSboewPNBXz6YMDbeZE3cjHA1oMhSTwBj6vBjsCTRdP
3,2wKfUncKZfTcvu81z4fLTARxnmbSsTn2oQ4Nmi7zxnyu
3,36kwScw2Nm3Jpt4XMN3HFt3pBExauVVfRz5846zp7KSz
3,3hLkR43A9AcUWXLq8f17bZGxiM2tEdoJQ58ojiPZGWRv
3,3z2VwC9gqKYdCcCGvHcasL4uXLAyAV1W6KsBzRPb6Qpt
3,49zz7L7u9ZdCaf9yfxBiq4VHxYpx3NCPzgGXMdTWS9FG
3,4FBx3bWHBLvPYFeUYec2WQ9qtVQpveTteg9AFAJLBEF5
3,4LnJ8YucXJQnLB8LAc4r311JhMMWAGuPFoEmpn68JgHW
3,56QSpDjC3zPzZM7CzngEoiYHokMcMqPKs5yEAUDWwBCn
3,5PnNkgfhXXy5kKpaK9puX7U4KvR8TiXgzRubpDfkqwat
3,5yzoyWTCdqqkgdCuDXe5RcxfUkJwcJ72zuXHsuo1GRaF
3,6w6eLUZufWkzNKzFBUQ5SVuvmr3RrX4BFoseUipLMSTQ
3,72RDQxtVbmpQwQhpu8HVG8BRHsFmSQXmDxh2NE9bF7yf
3,75GRunhTJANUSYzeRpEhzg2UijuqGFp4r3dQLuanZj1s
3,7fKVXwS3pHW2q7NrpsdRERanBSNoRMSdDytxWBaUUkRA
3,7xjLqF1tsEmbhti5VdcnDEsPtXM7GRmpJ5mkbCyLHd84
3,7zwrrzffFWS5MqQ6FEoGhfHNXixPfWjn5pXzck3qmCW9
3,9VP1DMwKVAnrhC5RwRho28ojC3idaQoTaeM8yVkDujhS
3,9kuSr6YijitVcyRQkKu3GPBrVS9T6SppQtndrjy1w4iA
3,ASg3rdKZaS4ZbwJfE41ZLpL9vaPuA5zLkMrz3SLdUAmN
3,ArvJYFBRustTYvNpVBCY4c37PgSrhbghks5i8tWx5D7D
3,BPLarCop31ei7AVyNMu4BcnRRxsf7vp7ytLxMQazd6Ta
3,BgoidNv1X4e3WHVajNS4b87eB8JNxxiqUpWtRPTii2Qo
3,BhcsKCJzR8gvW515fdqjHiqqHTS9KAKHaVYchDcaqmpp
3,BmDFarMxxp6ZBMZc768iWXbSEiGBVb4UvnE7hEUG7at7
3,CbpEK9S97g7ARMubpLqmqPrQMAze1N2TbHEYn31fUhyv
3,Cd9XghZmMcJsugMzk1xJo98ZAK9fwrTDrT7yeBXHiNkT
3,CneYabefquxNd6r9nkXkHjzpyXsUz1ULDFgiqafmGfvF
3,DYLnFEcP5S7QgEFkGgazh15KJ5ahzRnpPrvbHPm8kpa6
3,FTpGQUv9on84qSNC5wnS4au5tKqDbRd97RJJHvSBKo2E
3,FWeTQnLj1HnZ774dUPvwLSibnHX9pBqP6LzUj3TjTo9e
3,HRFwb7iQqsJ3e9PaBjDy5xad6Hc5GrvuAbcf9f1btfBE
3,HfCjb8PnCoGkVnQiJCUJyppT26Bdyj1ztgDLCydS76Hn
3,xXwuxTvCE1FzK74kVqMPVLhto3FUCA33CRyXJzqQiQx
2,21qnjKyGA2VtAQrKZcrBSnKL1swv13B6UeYaPK7e79rd
2,24QZJgC5CwFaqZFRXREPh9bGpqgGan5QsxCSXYBKrdbg
2,25wG2kD9M7woxe7etzhNxUWEePbqokazi2F3TLr4Uu4G
2,2udQZMJ2v7YebYwuESKSBv6z9kPnDiKji3gvu1gSr26W
2,3BDdnZa9E8zAsVgP7jJjWShgYf13D3gLiegQFYxG1REu
2,3CJeupqykqM1y9cSJYF8JHP8XvacU8EsTwEtYik6QyFt
2,3Ne7bLkH92AuZukCPd5n6g5NjVVRH8Bb5puDXztzF6RM
2,3j4epRSE8P5y3WkG2WtHmr9ZdanLY7WcfsPT3FpFzSyn
2,3u4RRdHiSRQxptJ9TCFyxKvW2QcwbEZEiAEiaFA69PSW
2,47KjdP3vtDexoAPo8aTX4qu5pGSmvG28jF6fy5aQdT6N
2,47QHg7z1q4PowxvmTvHCKaNVFhMVavE6xQLKZaWPXGqa
2,47mjaLcAR5G1zXWTBESzKMsR5UJhrKesEHXYtBXW6Xwz
2,4CwrH924ZreiA4rjEfWRbVa28LrzYb18EBjGhLLZwBjX
2,4VbUYpS3aSvfkNwRzzracNWywtgjgmsDLXP2BPmAP31x
2,4hrGgUK6k7YKyRtVpVGC7YSPN2qkAQwUQJR3ZWHdM5ze
2,52F4vxWkqspxsp9o2uUecpXGuTxjHeu9r1Baiw2bb3aK
2,54LWANXstK3RVQLQfZbmUdyuqbVw4kyBDognWkqhWtq8
2,5FbgF6puq1kQCRHd1KKb2Zz2sNUsPgxjXwB4qpgGxQx9
2,5P6nRxd7Jeu6kBp1owWyBecH62qkDDLaGcDSNnsGD8ao
2,5XJHhb7WqwHufDVR4romRMXdcSkzeYRfjbSsJ66EU1nA
2,5ZqzQt3Cp6SRSNk9TjLpyWDw6NBscVNzKCbt2ADwPUmD
2,5egHUhL6WJokkPLPeDeixHVnySUaTnSiHhkG3jPReMq
2,5uWNQCMaVUfivut2nxJniKCGdfptUMbZkWfVAQiyGSjF
2,6B5AExBKdnnZ9L2ee5H6btFHYPPhe1wMkxmLbowi9sjs
2,6GEcqzVuGGC9b47E7W2UjhuXLNQDuDVFxEmuVF64C6YU
2,6JknMLRAonukFNif5TBBC2jPGxjmzFLnrJMJCE2oASgN
2,6KsVVkNkvew6eMJHG9iUJyNYb42cZGqPuyfnDHLa3U5Y
2,6PnSn7cPJsnGLdCRN6TRadTrjPLavFwTX2Zs3GRMr9b7
2,6WCe1iPP6XbCgNb5Eq78ZhDwZroGYdECzyvMVCA9M6im
2,6Xgx8SFJJUJaf5RtxwtMSexHMnZZatXbhzgufrW39p4q
2,6YBucFD9YvDNzgvj6LsBr5UY4atHgC1wZVdDW5Czs2ZC
2,6aYH7jcNs7xhudxbVMM5rCoSEy28u9hNCpcKKZMaoAVJ
2,6rHapibBFJrbb3LaBZoJUT62CPfpFNW8qu7ujLEHKNqT
2,6xuJt7QcZqxQ3imrffW5ZUtL62c3AVA1ivzdvuTXK8jG
2,73tDXT4U9HnYnsS6dRHKux5HHT3EepzbFbgm2pbjGuS7
2,7EWtkAP29xGRmG6MtyP8K67ib1SPuBpddh8QaJiByuHV
2,7TRMQpraWtRBwart6yhvAp4rUYAgeeEQjnMf9mvWwXWc
2,7ZgiKGpWf5fJDEpMBt29JMPcza8ydgN2q5FP8oKprXS7
2,7bx3sPqDAvxxbPyiuWb2cCW89coKPJMjShqZKUeHasfn
2,7xQkQS8FzzbvkiVm2UQvEiAsPaiwD4hRo8hC8BXV4g1p
2,7yvRzuQNWVgipAnTVN6pWMWxFPGN9jh9UU7AhfesbHbg
2,8BXzsqZqAG7Rk4z3SLQzSD4gi6cwMHmGA5ZNCzqYmEsg
2,8BrG994oobNGKUqL7yAPP9QYpET4gdDvHC6ydZdBYrQb
2,8E91uqSPNAQYeFMeTh7wRjWpeERYL2ouYQEMsEUeoYks
2,8S73yP7dnEDdXqVwBE7Wk4pWhwWT8oGzaAhd2Z4oWsGs
2,8s9j5qUtuE9PGA5s7QeAXEh5oc2UGr71pmJXgyiZMHkt
2,8tCHWaE7Rg8h4a1TX7677sTwkqat93vULeeStD2181i
2,8zgmNZVYsL5dPt5VYwtoDMieF9RV9WuAJFnTc3HxCj1E
2,919BTBhzFae5SZrYBMa5WVrF2KG3otbpZn8rMuobBzvD
2,9Jp5mHmn46Xncs9tHkqABpr9ADdzkoftPKTWcmYb7p9W
2,9eopQbZdGDnTyXdEDeDbFqfcVYJ4CyAfS3anEr2JAjHo
2,9jyQWbtWPfKPz5xiK4xsTn4JY9ZSJcPpdWq5tAWQESvn
2,9omBqNBh4mBNPupo6TMUp77t9gchFZgEfL9jFBjEfoJE
2,9rxo9THszg6bxJ4U41NwpcHBdn8konJHTf4JiHvATmc7
2,9tG6Tyci1BUM2NgvHurTNJoVzqbqXE6iboynvh3dwrrG
2,AQabbZox6NYpX5AibEVt912v9HoASVnpXxwF2NDoeite
2,ASTyfSima4LLAdDgoFGkgqoKowG1LZFDr9fAQrg7iaJZ
2,AaAe9kk7WRrkZa3KwzSPexeNEkyf1DJsUUhQv66c99o9
2,AaoBxmZeyBhnWf1oXZGFvwRVoA1z4YsFdRg9eYwBD6L4
2,Abma7nnn2NMUsQXT9GB3TjF9mHLLascSEVLwRjSdP4u
2,AdPsK8nKQQNBZA5gzCGJgFH15Ve4VjRKGQz7w4xCJyb6
2,Ao3FWRpz2ty66eX39AoSX7vieQr1JbipQYn15r6MUBin
2,AszKws2hhTVuYdh28JzSTDrQqst26Z7rhNaBwBmXTU2G
2,BCc9DFdBECGqWNnbh9jhPa9pAXAygnPzLTiCqGRydhBy
2,BX3qpZM9NnSKzogpRHsWPAhku2c1SJPivrCuCBE3mjRX
2,BjwKvHeipX9QMRA8ViMPYiPcRXMuKUtLSskuVbXmRcNm
2,BkXqs8g5A4veSjkkwVx9y7QbxH7rTzeWE9xS2mw6iMo5
2,BkfZ6skMuGbMCCh7WV7PgVgwJG9YkmdEzuj4r3i2Vsy3
2,BvUjuK11ctWEAv8PwQ7oC53zsuRGGzAxKrh8rrN8vWau
2,CEwPLH5rcjohAtnq95v7J1qLkffHHkys7itw3CA623pD
2,CKFHhVNWLusaU9Gp2kHLr1kD6xGV7qj5WW9r2f4YXMf2
2,CewyoNg11Z3jqk8QVq1tjzjTHj1eD9Xos9M96P2UoBUG
2,CiAYmyQT8dSKeVjzrqrbCTCauzDzJ7ByRLhW9sWhQbMK
2,CtrVozpbFPTLehPq3uPzPLtnGFZGsCYBypkEFsw6mQbK
2,CwMWibVeFBvCZZnAGRwYgo9zBFXntDCiSsuWDAGqAf7Z
2,D1Kbq6rZnRwCcYhkb2TGXfpXjFXLH6PFSt9XRQ6P4FAH
2,D1LaN18ogCvgeP59Bjvx9yM1EqR41j5sncf7JiudG47M
2,D5ACcdVstfM9uCJRMiRAP29mknuchZZTheWPxPBkeLSR
2,DDZtrM9AD2Xa4PJztsmRYqEKfNpcWdV6BcHvS6DbZ4se
2,DdkSmniungGpy571RsC9VmQ7ahXyT2ECARobgA6VSA2J
2,E3ft9CSRJfow3DUJisu4JAvPpznf6VW1BiU99Z4GXXZA
2,E8zVGNkGX7bucZZvQNmQgHk9LwAHV52GTsv8PjXKes8t
2,EFwom58ZtEK6UU31YeMv9zqnUVVuWLeueYkRp4QidYJE
2,EG8S5Rqz9jd7bV3iGSxBQD2W719su28iei5fYcqyW2PW
2,ETCsgkTUKbc1ryq2yHz3e7YKipNm8BN4q9mokXG3ao7W
2,EYqgYqFyhNwuyWTLEE5x357wkwomv6ZCHTDT93ry66ZA
2,Ef3JvZFre5P1jtrnRJPc6fRBeVZrP68jdCEaD4mH28Eo
2,EsHKnV2DEJPWDH9G9m7ir5ZxBMmV4Cs5Ehavwdye8de2
2,Ey7PivuudzwCbGQey3aWVt6N6ApgJV2Y1L744TEvFk3K
2,F6CSY9RARWTJsEMduaS9P4qoKhbMcXMcFvpVWcPHZnEG
2,FHZMLrqPqwjs9doE8y19TFi4gzLP4A9XzmnqW4Cg3f3Q
2,FRD1QDFWdvsxBVTWkyfAbNpiJ9UgUseKjFA3PSHgqJ9r
2,FVRBoThLdRxxEHMtgzGJTzMgpquHHhzK8LhdhWG6eGH1
2,FWeZcRS3AvoV2UDDND9TetXHaM9h2ChErYzcfYNQnGVp
2,FWtak91kfSpCBLvuuJT39D8kvfJUdkEih1e27bX9J8xV
2,FbtweW92gG6ApJuDiJMvbL4ANBECSpwLPLjRcAEr6fPy
2,Fi2fkt2PQxmtsupBq3JmJbxEaeVqHTHYGnktYFTD6be9
2,FwjbXro8arzAzG9FsN8jZhiFrzbXnukQtwHfYPA2eiw9
2,G53Cj6tr9WXE8ZMWihkHM3Y7CFB9SWejzTyiYvnvhdsj
2,G6DrMrzDWYrDfnShdDc5t8Ziv9kaRMSD7pftFi88jAje
2,GLmJ2wVP5oPWSKWGjGZXyNbsmgXNWg87SBUPQj4bSJBu
2,GP8StUXNYSZjPikyRsvkTbvRV1GBxMErb59cpeCJnDf1
2,GgBE7EVW7rrChkD3jZHNaCo8Qzmjvz8MozmZGEy2ZdUJ
2,GjZ6drSVP2FFvEKzrfovat4kyrySU7ojSeWcJWkeijmi
2,Gmw6ER45zcic2J66KxU4dtKy3G8XoEGNzRFWYsvthLRx
2,GyuRtY5KkQ8NAoYGiEo4Sdya5f98r5fLKAKw8qia2pBN
2,HAR57772PkTcdMdLMWabzWDEEkGojdxV5dUYCz3jk6GG
2,HCKcysB2XDX97bKDi6NSgPMHP7jugcUynHvZhpK74LGW
2,HH6CKKjg4f4kNnBvAh4ys1GtiegUs1TcYSQdYZ4R17ks
2,HSCWL3JLEi9PQCRYo5YeAz4FW3wFgUf9iUtE6LXy3BTN
2,HmrJHwB2Loox5nScUXxjx2e3c83MzgaoNThYjZpcWPEW
2,Hx9AtaHLDxtmgKaSCNwdAx5rQvThbgvj8Tes2t5YREqd
2,JEK4E3YsBPEvX6fnocjRZaygHUGhyg8rYTmdNcap7MTJ
2,R4rNJHaffSUotNmqSKNEfDcJE8A7zJUkaoM5Jkd7cYX
2,SQS5Na6PuDfWKj3odNqN4Rw4Ea1eTnWzuGM3VjLys9R
2,TR1T412F75eHfMkTvJWxaDwaEKbuyXhRR2cQL19Muat
2,W95GfLUQ7XMkZTSAGUpUThRkzr3WQZ8u6vxYxiFec6f
2,Yyt2x2LgeCx3U7MJyWoU95TsSudwmmLfsWEvpeM4u6M
2,dpyKaq442A3jZxEGbQwyFXytZsbnbK9EVV4iFJkS5NR
2,og7y1xKogyk9n7rFHZ1A95Cpcdoz6zMraAaCspCXWHH
2,uA4jQj94E4Nz5UAuz1hend4ADzZr1wEcdyUHQy2Z1aC
1,141mJHGCfdt6s6mp4AqcJVaYeQpUnroUw4iYu27x6MF8
1,1VWFdk5VEWDb2WARFUpTpC9Z5aVDwYQnCGZbDmESx3s
1,1ZgQ2sQQyfUfw93bM4dGZHRTXQxgEPaica4ge9T1Wjo
1,1dAWfVUPmfSyZn2D26RUCgeUXDAH4BjfNU92r3fkksE
1,1nc1nerator11111111111111111111111111111111
1,1yp1LRkbGwciTP4ssMVSHDR3sbsYWskS5HDMZzghxe8
1,21oDLLZ5N8nZFUw5ArHNxKhPYss2q1vxiESZXmEZMKTZ
1,22JC7Gt8sQCJepC2UZbARPdyxV2FxrBsQFe9e6ggk7Tt
1,22QM7vG4RmRwNE7sVarjJL8GGZJP6GjP1ESJngk3Pv5a
1,22VyFUYNTBMXeczbWuFjsDYgP6JkqoJ51xo4rd4TtDtu
1,22c94funxBdpHQ7CVw7ayeEAQJxinReURhMUdW5mDYML
1,22p4WRm9mtzLEEYsZRAbDHwMAPbfueY4TrtC7oqKy6qf
1,23C1PB43svAvLyfbqiPrng5ScrVDbqmuWfSJXQEBv9q4
1,23S97TGaProzmBVPBxWTUTYEos7gRDLQ9WJT9eXh6RHt
1,24LGx5j4e6GdBto5RaYt3wLenQAbC84gX452veVBPJWB
1,24q1Uax21eMBnirDUi6D3jTK1GB9qPvUy8d3DwRxZ7Kh
1,26Z3D2sWUFDXk4G46PnyHMQxvvMmTmUrids2ET4ZZq36
1,26btFy54yeYVefSgQMmkCWaMcpckSEr4FikjZ6hP4hzr
1,27Mi79Zpm4H3ZvzrMfK6TcenEKd16ounPehhfPVTFj7W
1,27YCjKzaWZR5KRdx1AQNoA3iVVPT2yFYBjQWt8r3d4JM
1,27x7GpJQf5M2Ug5H1yqJs4QmKhGYnZ3opSh3RFwQABvU
1,28vEATddHg5S8hfSo7zKs9oXTpp7rshzZAGyvTC76F6i
1,29BdzxgGDBwKcfRnqhWoafZW2fSnBDDAtt7KpMJgSJHc
1,29jRCaEEmRCVeU2zMHRjwjCFUduiiUag6Lwfgod2k81h
1,29ksXCsx8a9ioVKYrBgRK2ocGLuVaW1Kc6aqw4y51n39
1,2AGdixUx94XyNe7CYpJ9azun5RpMUD7BfxLQ1GrCcQnc
1,2AZnyCgT13KMufVXeYR3LmwukjV4B4fHYeo4NCD4dMY2
1,2BYd1VxE9yC41c3qYs1jfqwLWbNVpcVqTtBtLr6yiDrc
1,2CWUyuRGyCkCPNDy9dAqnPguwiCmd9yoaxMt6jLt8Vus
1,2DU9HLDH4jiGqvZJAauc8zW6isax3Z24JbEKyT3Go7rK
1,2E9qAFBpVL6k9u62nnBE36qtN6XM2yfhnPNLB5chKfRY
1,2EWwd5f7s7F18akBgnnSTBguBNxTNp2dwHPrRTu7UWwx
1,2EgjVEBVMahLbykF9Mo8rAdGJh5M6NDHZBcEiSZWL83w
1,2FZrYtpHPsJPstAAuJQEmmCKEbsSQLARhjyX2c5F8PTu
1,2GgN5YMH5rNmL1itLXy2MC5S9tXGALb7gzQ3zRvyDb84
1,2GnkY2sAeomxzy76TgLwv6476pEUvWA29to22kz7Rg8N
1,2HAkBByB9PXeA6dH5kTuPfuWQcQoQWMSi4gKSNcPNpRW
1,2JGw3Nb7PgobLR6VRoVScZ9WRGnnVbWsq8sHCcj85rYL
1,2JQmw7dFmarvaAWQ38bFvpW5g2vBwLEFoK8Nq5BhhvEi
1,2JT1hGMMMTnCogtA2RRfXsDzXHJL4J8UHusCpVKdYRZt
1,2JpBZt1b8QeLGDikW3GHDZUGDkW5M9U1aY7SeVVL6uR7
1,2Kbhxh3ZEfH7HAzx6W74YHrmXW7M2Ro9VoYksJbNsLKQ
1,2LWcXwHyBomd6xLRojpMjNTqsg9HqozWMD3jp1462uxx
1,2MsyAWKc9HayYHqGHheF8d4Df2PbJBnUPyrZ2Jbidfrq
1,2NAYJxKePEaTYFs6XofoiekBFT1hfDRqjYMgfLuQUugp
1,2NwZtyZLcUJqSBzL2CKL27LHykBWKMM43zTiAToEMNjy
1,2PEapLdFb5c9zqYbtBw78ByD73yiXKy2xu9SQ4Vy9qx3
1,2PK34uhc4YqaXKE5az8E9YNnAJKiFarhA8EW2ya9DH24
1,2Px6WV9n3TgNF45bHk3d5QvtnPxbDmWJqzsV9sFF894x
1,2QsEJWuKPza3JzDz8sUW23DLCKifhsg2e7xXHp8AGDhJ
1,2REj7RCPAs61J2U5L57chjKHq3UakfU8gWWWjxmXGhWT
1,2RVVopxje175EfqRQzB9dyNKd6KYv3eSvJLr2HsQdwsM
1,2RiFKNSqsr4Njjt8paddP1im7KgSA47ZTT3aCnmfCDgy
1,2SMjKsgfEwHXuWnJnwP3ZBR17vvUkzMubZLiyWzymZae
1,2SvDrXi4UnzkmxWGocgoJcYYbxZiUFbQXt27sowLGSLv
1,2TVWVpbPYdfPFhXnr1Ji9X3mD3KWJRzY9mVXyqoHJSKg
1,2U4NbQEASb2LLWmNsuHvcmRiNZ54DybLHy4jUniSL9rE
1,2Un18aQD9PaLpCURcJ2DaggpA7HWnRM1dgcnUhMBwSUo
1,2UwuhMfSquvPfBz4R4sur9ok6rioUPVn6gpbfGmKByKu
1,2VC6ubtZGJmbJFaZcRrmKmxPZbwLWhqQEKXe2NHdmXmf
1,2WeuWuDpTLo6rdp4YxDU4ku4i2WMeUo3zHENp7SbGyDC
1,2WfizS5bbLtAaViWTcuENVYLJ8S5zmNGK19Af8YkVXk5
1,2Wzgxo5xzV1Cmo18qWWJvKVYZeVbvo7xpfAp96a3FD17
1,2X1QM58BJhZ6CHv9Tw7Y4XetzwBKx8sEumihqPp5TPgP
1,2XE4dymvZXofQs5RYtj9b194nSfzyD96ejieB2NcU3m5
1,2XY5LGnn4ppTuKEfKsT6b91S9CrUaSe61yiXpjdRKHuk
1,2Y1o3Y2jbqJbMKA4fGawnnwdsPNBh5oNCWiuU2oWGB4j
1,2YZm3cWrF8FdB6ttSJAZr9afDbB3j7ThLjfQGinp15kU
1,2Z9pLRpBwEZ33u7NsUEj19vhSJ8MbJS2V36fhXZd21nb
1,2ZKoHB8dC7s2JSvHqWpUXynVU5Mw6ShWkSk4wbwivdpQ
1,2d3PxFGRmwSKVE4vX886cdZJqnKPjbTYQXK7DvT2GZne
1,2dnhcHFsGzabemoXKS7W1AfbykEezhgWXEJTiSDgNorM
1,2dq3mnB4yf8PTnETXabrd2eFeJxBaJW7oSwpeLmzPZSQ
1,2e37SNtSs2fnv4Nu2vyCnyH6Cb6UyusKBAYFUpCP4tRt
1,2ecUbxLWwdq8YNqLTERcQyDov84ESvLp8NL4gmJJBdgP
1,2ekQJb6yDmWWPMF8DtxhrKwB39y6yxY8CrDmfDUdigwD
1,2f5tbPuNEtYK97FsZ3zyBfmqTkTsMfayeTafN56cJspB
1,2ffcGWzFABkdUR6Mh6vhyYbtQjJHt6kdHKFqpbfMunrG
1,2gA6TSSgg9qFcsd3duJRa6WXvCiV9pNvTYbMsdfa6wmU
1,2giF3NCokN4G8Jnv9oMptYmFjNhxYLZxNJ8gJZ9cEtqv
1,2gzgGQMpGhY5HnHhFnuGQoQVZvnBdjJVtcwkiFBYzLRt
1,2h5aLygewnNBevYKQtEYwnEw611frAiYJTK4nfmDFHVH
1,2iPa8mJKb868wWN8FygxEtA3raKZN7kiT2f5PVkMBix4
1,2igb8mUXT3NuKyU7vhNbxBi5AWiJqWN7MaTRJVd9y5jJ
1,2izeRNsvLqjZhNLh5uPW8YzYGMZRgacocC9bx8gDmDmQ
1,2jNPxeAP1kyXxqaYfDAQQvfF2ZHfeYxFxPC1XrrNB4VU
1,2jRLDHYsgLQVNcxaphrhWwjHtyBcxgo2AKc1VxBYGb3Q
1,2jYCFe1aMVuEQjNxQi78ADYafuprmtcMZWph18TYkShX
1,2jr2VkuUUAVah7Yodc8Az8XeNCDV5mjSSJMMCb6cq53Q
1,2mEn58ZdC9q2CdTAwa2Gxq4AB9dF7jPBi3bxmt6g8o6a
1,2mad849mPwy63BQHcsxXYgXWzfKWoSCEzBi7hvbBgknW
1,2n9M2KLBB9gmz1agEoUaDz3ZeALHcmqDxAsPzjGjxc9S
1,2nUipKCYB6J24WrYkmwDsSD3TrN6U9CkWi9FccJ8YxzM
1,2nmKMQYxdmG3jKbkNJtCBzpwyiFRAVzjeXjX2KHVjDKf
1,2pmmTarjbguFgENZHVPqdNfGcUM1GebnYLdChkqxdKPD
1,2qvGMTA3FvzBbVNVBJ12Dv4hD3sBsPAcaTKzKx98Sf7F
1,2rB9MAEXQLT4gaUrwSgzz1RbPbeXbR1QDVTokJALpE8C
1,2rvGQazgqBtL5Qpgvej72UdNBoMFjvKXde6WQ6LxwGRP
1,2si5aFMU43toXfoduJoTtA5CjM6bztGerWeHWqtTpbor
1,2szFM3j6Kx5m9UjiuGchVwuHQVamhLFw8FA8mzCUj7HE
1,2tU2LfvxRbDkLXhoJzDpict6moZwpb9hmXVoGjoXxRev
1,2tUEU9Fod2kBDKSg4Q2ngALR4oEzoS9uPKeQt3jExR4b
1,2u7pZoBcMcZDRFvNRffZir5xciFmfNuDT6mNA3LrMUbN
1,2uBKLsAuJKcFwidCqYLKytn17YBYFbtDkQtqEpFB5wqu
1,2wSMJNGKxSsGcNqgu1UTQDp3D1gJHCvJECvFFzAgFz8Z
1,2x59ShehpHe6aS6qAsG9VA6bVfCJeZnpmX71MD9W17Gk
1,2xUAcuCfgZExjzEdmhdJ134ms4VkS7nUuVTtuNkYPWii
1,2xqnRzHa4w5jgEzjFqvfTZyxMYGqBajF66mnbqsa9MMa
1,2xs2736jQUBv621AULWZ99RFaWB68CFBo6yvpdmqXe5c
1,2z54AsyEmT1F88eEhYmEE8Peng8rfbiDgKGGqStf9EJd
1,31ose5NMYoCVUXtkxw1y8R5sGvC1nuzJg3yhuAAprpSf
1,32Upj4S46w6GKUtPqXa1aSoQ9Ta2QBBTKdEtvAjh1zD9
1,32WG9xEZbyHH4Z3s8u5wYbmfwPNdzSSWAyYP3xUGoqZf
1,32hk3MdHCtfqc9zTpraPJJVyf6um7ppXwHGARkwCjWxW
1,33Mx1cNMhfQpHh9QuLuM6LXEHMMRsNUUtJkV2H3jgDxu
1,342PGoGFSdaofDBjMvMZQSzJvpJPzXf6711VmPviAEu2
1,344WpfxY5LZgM3VWeDgmCLNmjZyaN2dU4x8Ap1J7JZhy
1,345MmctRmKRGQoV5BZ4wSPCNQ2u7xttq1L3bbaoQiT7B
1,34iHyR5sZaX7kXGXYgFTZ6j8Ex4c8pD9cQcPwKgzo3Ra
1,34nj6dzdth43aVy3n39y11sPZtYtrda3qmmUBF9TSigr
1,35TcmQxepRHJwtt6R91NfTMXzoeGgqfZAprkgUZqY5Qm
1,3631ecXaw3iU7LSVQGL6b8xQubFXP3ZoygzFoptCQbFB
1,36aqZPkPEDQvshRQHZxUbGkVPESRv1EjtYJUqkgRh7gY
1,37Tm9MfrABPokEhWbfkBY2WxyGsTrW6xnTFEqgid6QYH
1,38KJRzgJzn9mATXUqqh71N6KS9PK964sfTbo9oHBr41a
1,38Q4MJLjbvt26tFZpWQjWNfMNXmA2jtJ1UoJ7k9tdU3F
1,39QydbYpbhZQXcN6AKnTntsEdRaonvT4jfK3teQxCeng
1,39ao3j8L6yB3MF8kHta8sCHLBmEz1EpujmiCiHTFok6E
1,39sjBZ3W63LxacRDTrcM4gLaPkHyPvDo2uqNbwxJECTw
1,3As7z4nCJeWx27YmjLfFFsW7cBbyAZNhwujcBhABj6MD
1,3B51ZvC7mwaSvJc3g69qvdSuAKD8TNfQMo9Bb1YTYU9v
1,3BnxdHhPtBU5bvNdWQTyd1Gig8yW7PFyoKA91n9znFSb
1,3CWgCCuKZN7EV4ojr6fMig1seUdFiY4hExmx4J85NgqJ
1,3Cf8sHA8Rxsp8JzonZLre17DbNngUX6ddRFNv93ViuYm
1,3CgvbiM3op4vjrrjH2zcrQUwsqh5veNVRjFCB9N6sRoD
1,3E518nHhrhT6oQypArfM3J3RDxdW8ZXUuaMMYZH6S7Xp
1,3F316B8kcp4BgrLDbN5xKi4iWT9QWP6PJG2wkRo6SUDo
1,3F4rz3bp8SXAWM322h8zjRKKTKDTPNx58Q3uHDkQZ43D
1,3FHkdff3oiu4Qhm4xzo1HNGunGYuUJZGMg2tKhgBWM65
1,3FrWENZh9xwb5g2fC4CwLghazBdjFdUBFn4WuEhhdRKA
1,3GgDA6mTM2FzcS2SPJHgTr8JvWrtjfnwwxwTeNUfNK7D
1,3K1YaMeeWbU2VC1y7up2GV2zZVSQqzJrhSLwB3pE7ChE
1,3LpVYKdVUgFd6udw6nfbzNJH7qKpHDUGPMv49GWSiMvr
1,3MTYFjRVZ62Bv6mSPhYpsT1ME5LrkupTLsyHmNWqYTKE
1,3McfcJwh2NUpmLMRmoer6S7tDSGbtcToDkvpXgcEMc77
1,3MpXy6DuZsRzSwY9qjeFz8ZxfsbBPVE38znjVRXkHnXK
1,3Mqbdms9FkUFvz2fd2Hs2FaymPqS9JXLVg46hRAAqH62
1,3N3Bnqb27wDNZxGVsb7Km3uVAB535ijyjnyv9XJsAeo3
1,3N7GqLzjP3DvmYeQT21qwS2cBT1LApmaTXi1eVS2oMf1
1,3P5wXfJM5JPXZ7VH2WTGzDbG91EaV7mgddajVCHTGgX7
1,3QGHGKyCQSDCERqKJMthYqzcN3qrJDHqL17uKsYta6H6
1,3QP53fDWRLYbmrwm9FQuHis7Q37PKV6cvQLkkv4MGBXd
1,3QnrZEr9Ex1oECEZTB7qgbakQHcHtBNXz6Jmsg7eQ5q1
1,3Qxx4G4kRhVgSriGnkYKT1TvmSr6JQyUvMd7J6vG7ASE
1,3RQcczCJpX5ER5GBmfL81NjdQkroF285TVD6YssABAiw
1,3S83ZsgSvRwagirYne7VEkVMPey9fuoS6JEjMD3EwcvD
1,3TskW8U445qCpmwRVrdLEkJjuucg8t1drJWA7uk49eMf
1,3URnfH1LhER71V5N92ouXwNzo6HstvphcrR1xKzS4w5v
1,3UZxwdAYjdWjzxPnQMS2UdjAL6ZtiBaty6QpuGuRxWCh
1,3UfutkEck7V9gyEWnXkfW4rdpU3TDstf2LqxDPziEph4
1,3V1BBZhPD4J6aVVRNiZjdSKTfQqB3HxgqBnYSQbtiohV
1,3VF42b1CGhUazuFnwuhauEXG5ZBhsigpMdvfK65Xu55u
1,3VKjmLjBs2TknuEHQR2QDBGSyDZAe6jqToVoh3sh1mty
1,3VmDFqBXWk7QmGzccP9BQRcSstpamWT38EgKCKJukvzH
1,3W7fUVrChnUJyQJ5Qrv11xvVjjvQXUeBtw55TJezDh5n
1,3WZiCugRrJbhidmbVwE3sZDjVS4aGaioyoZCRZULMk8S
1,3WnTRawzWkNM1kF3pLjJEYV4uvjUuUgixyakNKbqGrQV
1,3X1zUxJH98qv4FVDpyunGyv3NHtP5VCK1WWvQSPMiAGX
1,3XEuB8nMxMPnKS6E1mkfsJsi86Vg9bDVPpANM7TXY3yS
1,3XcMpsLMEosDDkB8vmDFeuvoVknV3rmeJguu7DxfBWj8
1,3Xi8iyjEhr8af6HnUxBdqfcTD4fJH5mfiJ49fdE4ecb6
1,3XvfHVEZKASZEx5XtK49NWpWULF4tGTTYQnMrNhfSZTe
1,3Y82FQeJky3xDp1TyDptmzevA97pv3yY4tSbJnf554UV
1,3Ydf8aGCt5xEScufdi69KXrTQizY1RnfkJcmqubCCn8t
1,3YoNbRz67pyDPVJHbXiazFQhaCfZdEmESeC9ohDQjTBd
1,3bknJjm6dYVmEqqXDNJshqQNuPbuiDRQiWiQy7xr9EZP
1,3d5mWU57RSBogDmSTXFayQ8aFV7ufaok8e22zZR92SYy
1,3eiu5MEDBb3uc3pWQCc7p5P6gwhhortJmyyqVy1ZiuLa
1,3f91wj6piVkhtUSVuBVCqq5t5dnJu5xn97faeRnwZZw8
1,3gg1xQq8giA849hjdYPkgjDwWGij6LgNtnHrh4mG9c89
1,3ha5soPNJgMiySiFLfADnjeh6oMt3n1tq1nq8SK1WxhL
1,3ih2t18wW6nr5XApSEzJJDNwzmemAg7ELXWB1LLGrC7h
1,3k5UqyEbeXJJ8HpRT1RH9xHgZVB1iZFP5LcqRSJYbJPk
1,3nA4obs5FrTaknUjYcm5Lm8v6Jj6d42DkaEeJX9HpYWk
1,3nds8aB3KY9M368YwS45dVMikECvGKvBSFeAD2kpzFm7
1,3nr8HGBmdtCq3pV1AgALD1k211YVanW5PP5wQSGhqcRc
1,3oGc9P31SWCR23o1THsMKAwN3GCa8TSfXGYKd9SGjCNB
1,3osrNFGV4chb5mHL8VcjWSZ1K3AX5c9qhtqusSPV1HUS
1,3pfG1REzoJUtCsGhk8nDdLtxDnWPYfR14a64SmYN9QYz
1,3pikwZSyVqzEH1Ly6aMpTvh2vZnwrJCN7MDX8PuR3zhu
1,3ptwYEGcG3vuocHbA3JxrHHLYZe6U78W7Xkc1h6hNfXL
1,3rhXsgcHz37tgcpBiWiR2BNijHoj9PqRjS46bLwJKcbb
1,3u7rtaz7udn9np8bkBE9tzz4pgGC5NWkvnDG9Wo4XVZg
1,3uDN6vGiYq311iNDUprh5tGULxuacQYGqSBnyuecL2nL
1,3uE7R2mPt968EfriWrGuU3SbGCdyRRAhpLKE63c2THUq
1,3uzdMZrC76ErLRQsS9CFBTRpUjLBRyYsMSwfBZnVpDQP
1,3vV3JUxLDeiojjUpue5pDfqvz7gRfHmDnSpSQWc8Mcq5
1,3wGSX5tVRDqGjixU14E2dGsMYA5PoUGPPHJfSRzD55Bz
1,3xBcJwekBHqMTKwsMpL3cG2MomiKbM7pTAyfoy7pphL6
1,3xLsJmMY7bgoPvrT8TiNYCpzVjFDzv4pPAHrhsB9SiPV
1,3xb6Rx7wF1p8g9djtEC4DrPcuWQCJAAiZYyW15uQ9eRL
1,3xd3C9ExAq4YepaZRaWbv3D2TVC87dg1F75sNxzLYw6b
1,3yN14zjns6PknBj8mXqCVEQX5GHzquyNLQaruFAg8LC8
1,3zGx1Spmx93qYt1XYgAb7jd7d3axcS2kMDEfBwCVBUXN
1,41srfVbyrVVcLsqMwe88ety3YisFL3pRApnoGNP6S4Ro
1,42TS7jjzGqF1nYaW84YKPdXH8eT4rgg8xub43A4GSrap
1,435xjUZUcMGxHxoHjfhwYDpzcn5Mx4xv9vUHGwC1J3QS
1,43FW7BJRabkqdMkC96Smqdkk2Zjt9ErvvL2YG9x28hyP
1,43J7LPUwJhR5CyiiphACqMnYi4VcY1tRcwxFvbitEHtB
1,44sFA6qNNW4SngthRuBiXcE79uL7FCZC6vJvu8NSW325
1,45HGm4EMV8SeaPwCc4E6PvZVHZsxcT7dsSKHiBaRUp4E
1,48nxKZxmMEdqqHq45yw2ezH5qubsQYXQ3YZTZD9CMpm5
1,48qoiR2Kh5CWzF2JJ6MVpcoq747HVkiNhq8hLZ9L81S8
1,492HU1Man7gxrG598kQeBJvCBBAvy3q5cvWX8qG5mcgX
1,4AFjpkGpVzHa31c4pvnGF5MbNEirSFJsFFvY8jsEc9P1
1,4AgN62NNFUHss3cYc1mnvQfTN5rBnaxGBmRsFnniFXWn
1,4BBfDpdpwdTjinEchZYX6RymeMNEZua1nHdFxDmEeG5b
1,4BNtAfQGXSw4PEoWAkWr5QGUq1HCqnXgkWhrNiD9AWWf
1,4BZ1KWhVCZbLkkeWLygLStxK4cHZx7wzDXFyd4d32P5k
1,4CAdipxTCVKaAs94z4436C7UGNaDRZCuNeLXCKqo7eJc
1,4CNwcYNHT9K9dNGVGkTs1Mi2RRpZnL9EFbW48C5mnYqw
1,4DDLZAsKKbvPcYP3EcwxxGZ95HSQ6ZDWyNVNfHyZNRTQ
1,4DTaTfSBcEDTt8iNstYTSM5YD7DnF4UnpoUYjTXdARNf
1,4DxAS7nahZ5hTohby5PhT2nB3gzc7LGmZjgNqXaH8yxU
1,4EYw6m5r3oQx8JJHsvByAKasQ5fN54ym36mYqz1Kso5k
1,4EwjJq9JVfuLFzQdTyy4JLis4Jp6TSogHhzQgrvTKvVj
1,4FTYLskcHtRZCXfRXNs5TNsLA3RKnFz5dqkWor9kEnPK
1,4FdQvymLZomuQ5ovZZkZYKGbioB2M7ChD1XMgKKF6pKV
1,4Fks8KtekDEtaQqHZGJkqVeRUVqvmG6FNHGG1h8ev6TB
1,4G1Qkdr8i5R6gU255qUDw6S8VzSX3byrRbaDXzA8hE4S
1,4G6DGh6wa61urK7JgqTemSZR5QxEpS25xvyEZFbiQWur
1,4GbKyVUb1yssGRU7j3hWandMFtzJ12CCSU75d7KF9aGQ
1,4HjjgepEdGZK1c5qvMaypUjnfmZ3dwA12Nh74RstWzjM
1,4J82oZzoPUpou6DLnSvezRTDb6zVSChaiycDKmAvPAg4
1,4Jvb9pEoA6J4icoMB9TwrdKHKTsNMxuH2sE99d69qApf
1,4KMB94ABdYm8JG5UrhCCzmPtb41CX3ACkw9NY3tQAZdM
1,4L5FmT1XAfihup8yfGnZCGfKGG86hJmgW16k6twTV2Xb
1,4L6Ej83gJL5czRbe4Y2Sfr7WtyV29btVZTCuS4fNm623
1,4LXdVPFpMg5es6yMJryR11dyhpUmqBZtuwMAcVDyBGpN
1,4M9UPyVpVqaBuZrxKr2CeKyiDUxs8YPfeZ473pMb6vgx
1,4MBNcKWpcwuJqgU3U8pRCvctnvDhEP9VRe75ys55QB3P
1,4NwvxQdLnKP3vcJmRxbgBhGKXPpBmR7jxw2whVySpZaK
1,4PyLPMzHmVJXkEwR8cnVbziNZVWqsmMzBZuBStYcSbUe
1,4Q39KGSts7uM6aUba8p1BhjoA9pkQrypMPaqDsXpNQcP
1,4QXiZNioNqftBq1qDBxCG7iGSAfUrPGSCJzJsTjgGNXD
1,4QcqDFW1rY6h87GCVPAEwxTsfKDhCXt1eDXFAHFNs4sd
1,4RZ6wtFD4ZtLbBbC8H9W6JpT9G9sAARzFLxSznqCFFhi
1,4T1V8rp6HqXbyn167VTVKgz3Z1krvb5iGNYoe9FAiiUa
1,4TpMY9ZxQA8BXgpXVm8Zg1eBbMA7mVK5HXsznTVbPb8X
1,4U2yCjJYFnLMHf6L9QGvwriHkyetu5pTdySdi9WB6okb
1,4UDL8CWH8ktnUqHKM7t8HGkTiwHRsWxUHi5pERMKJWPS
1,4Ue8mQoLFAHEfzCAaPLTikgK3n4Tio35VzYdZoG67JLd
1,4V5gmAVzWdXFfq3kYGFa9cehuHWz9q9ndricxKaREWhC
1,4VQXChhaouiZQerJWeNoedURsw99TvrC3aYdZwdnu8CW
1,4XLTCDLpqkf9moRpNPqHHJBVH5PbkY4ADzA1LHHnv38c
1,4XMpVswnQ7UF26jkm37B1GQCNvjXJjczyWtwGN6Mwgrb
1,4YNUTmS5P7QygfqMzfcSSJSGt2xrmzYhFJ4Kn5EaryNr
1,4YkLrymDj3QeGmU3MDYittynMViuyzgwVQVRWv67rddt
1,4ajMUKc5RFTB9XiFvDZQTTDo7DY4zD8NNjUmUP538mUu
1,4b99u5w2FyRHMAto5A2ZjKC9xxu4o4fCY3vfEdCmCTcr
1,4bf9H28AcHqDmyjFCfqBgpDRpha82yf3LtFQNhJ7mVGS
1,4cfWt95QEHUpspBSaJkybkPYaNBfC5uLiKAPdfd4FJgi
1,4dujtcCr1pBLZxUCPxM6DrivFzGWAU1ZEQAeb4bnbvV5
1,4eQDduszZwg3eZLDWfwbiChKkZixjsRQe62vtjFWaTEf
1,4ex4LUStDX9e6b6ERRDgcua3RHmicmzuPTY6vBgkpqx1
1,4f5KmremW1hAZMJNZ9GKuz62Ht61ZNyVQ6BTzRoFteMy
1,4g8FjSSiQDijbWwT77Z2nri1hDRd2PHF16MSgcznsMVB
1,4gmdbC12LXDHF5WgmtPDv6h4TStiv9S2VJF6zPxMBhCU
1,4gxCxfMcj6kihgnjwBqieGp84p8PtyJzFLEYnNZxkAs2
1,4hHVoaw7pos5uuC5qMucV6Lc85S1d2tTpXaXi43MLbPS
1,4iHD3a8no6UZFR5vyQtLapgZqYWS5MwzoL3X6NRXeLwX
1,4jheifmu9X1hWkpy1riz6cZKDH1HobWUtDBoQib8rwAG
1,4mH2gra67myXR9Dgy4fX27iowcRvWL9BdxC6cKbyq388
1,4mhtEg3cATfWTYa593EoEgQvmDSG5RKNLqwEJ4ckvRCp
1,4movFmZRieuv9hwN69dbYgHH7VNo4J6iNRxsyomFJSP9
1,4mpvxje9FbFyP4scvQrS6Hjf3VUtjZZ8mrVWXrjTEcsc
1,4mxvkutkvEUUg7GBLi417G3k9LGvAaAUD5twNSQ2kVFc
1,4o3CmJxgow8NUugvsLJYo94pRUt7BA8HM5yiaTJk6tEz
1,4o4fx6nZ8Dt3XCGRA835JBD36Gvk7dNf9KhzRp6AmRTb
1,4oznCy23ExrvhzL21mRudJF9uBjg2HTwGkbFHCbthB9N
1,4p99sB7VRJtcibGntxZLFn5bAbv1UJEQWVHxSkwtSeCh
1,4pSVdw5xrZxTYu5pLfhJLFbT9kvhQgyAk27brkE4XYpd
1,4pYtKv2P26fEMvwmayUJRvKVdSWikpTMjicJC7mxXYs3
1,4peMQy9CG5PTGUesZJgENGjBptX1Dh8aaDeJVKGq9JTx
1,4pypkZMyJ3jBtG9JTCdxS1Stk286rQN5GoKrS1tDo2oe
1,4pywys8PgXjrMsWqWW6Xnh4F2KmEy6E9yRcAJ7pr5ESf
1,4qrBojMJ7YhJDF4WGJJ26YptTtfhh6PAd3mMg8F6RHMn
1,4r7DaMaEsNMnQprn6mqrhhMFUrKfFkEr78tJtAG8AFUb
1,4sCaUZFqQLpar6QEsVdKNedrWTHhkp6sE9GCRVLMq3DG
1,4stLgf65MVZkG5HsdMhC5CrJGvRbsf2yVp9WWXr3T2Q6
1,4tcwNyRXRXXzWJsPe7kCBqxJZikcrqqVS99ScCfFFwKC
1,4vA7ERTrJdJbf1KgRWzuFB6FkT5GGPTFLnXUDZ6EJe8J
1,4vz8Mdsohp7iE8YGeMdd5h8DpUDdGRwCsaFM6DwjAyDo
1,4wqd9pRFYdfmfD454Kf61GnEwVN3hkkjwZrhGWnYH3mJ
1,4xYpSi7e5e9gSV9RF7RgRnCsTayGG82Jdne1et5ZuZRL
1,4z4bi23Q2gQjXDLLkSsoQhBbZNhwVCpF1FQUGXDfY5x5
1,4zGgNgLKnG3t544sCgmjdZkihQ3BDVr1svF2K9fPcT7p
1,4zMdN63HUfQGRM8N1MjLRsPr6aawRsVwvTL7LDjzafod
1,4zPbPhn5k8WYLpvBeE2iNoCL7hx3n2WpftFooi2HyNGZ
1,519D6sbRjhCV8X4toRhTq9edp6Kmj9ZH5L3WT3kdkFsH
1,51ktg8vYic3XHpZ7N8AFv7GriVC4ake7TQ5j8RX7N1J5
1,52Aidtu3W8YtR7TUBkNsJ3AowB6MpzWuZA42MpW8RNmS
1,53929TQvmCHZHprMyA1w9fZraQVRqeeiUsv8c3LHpiDT
1,56XB7NPfYfaJFrK9sB8hX2CkhA2K2fdHdF29J3fTWpi6
1,56ebagjBRHaU4bap1ipvueDHoXECqvwAHrRkVSBTx3W5
1,56jjPdfDMafFgPXRzEoF7yVixJKSxdkgHLqTSqLNLeM2
1,571ey2zTgkVekhc242AqQYR7DVQLa2969xuqfMY3H1SZ
1,57FewBbSKe3SBQ7UEtp3JzYXdKhB17QnTCTm2q2HA5y9
1,57U4MQrnG2PXnTSjWPz9xHn4yt9Ynr23WkrKUvo7fTin
1,57dnAyQY23ek32b4LCTY1GouUKsvhiw6KXxAwA4gX6G3
1,57dqkasB4xJ8LjHiMYyzFavf1B5hUVvjv7wuzxLritYu
1,58SS3W1oJrn8xCWchG2oKsxysBqCPRY7cbHQgmtsdZ1v
1,595Xw8HgfEn8G1X3DB8tFS21ZEGR5Fc4TAJbeSVH3b8t
1,596v2DGYo3mQCkGAZBiyivqH6W7qoTxhPe2FX7gFspoG
1,5978hrkq9az72skNarEFjZJ6vBxvcK1Tjowc2D3E3tXz
1,59ncf2jTS1JKEoWJetyZLxwNm9Ynfz2UGJtigc9rrXdc
1,5AcN4FQFwh56kmkKByFCNFF69Ke4XRUq8rr4unbN8TRd
1,5Bcmb1Rp6ZR8Jr5d2wsFyhbAht7A55DE3hY8ATa26mWv
1,5DwFZYovBCTanhKQV9ZsjVJrS8qdMjyfaQpvQDPX36ii
1,5EAmgjZjtNmz9Jz5zyLvjk3baPJ76kPH9jcCUvY8SuUu
1,5F4uFzBEdjbEjpeFrtwakwVZxvFDF8xjFMb6PNVyRCvm
1,5F6bfnFaxFcFPmuD5UPnygLaPmUqE2LXwfxi4fwxeQkd
1,5FGvQVsFfY2qAusE5XQNP3HptKh9jUzGqyZyzVekW7r7
1,5Faa4h9b521jv1uqYBkPuZtvJXKsBgc1GaDLY4maXJb9
1,5GUJJGouKdYfcektVdt68QhJK6HDBTQCunhTuSpPwF4X
1,5GgTjRJcVXvLepTqQrrNNKfvcXw1yXtNdzR8RaHSgKa3
1,5H9miL9AXNAZ9BtE3AXqwXCc21pypAQvk63dB64XGFq7
1,5HqNMawptEqw5VGwuoZ6QKfpEddDcpFifaPE3Jsu46e3
1,5JCBvzTAVTqbT4eh6kbewsn3yqpNubBZsdGSPuTtKV4i
1,5JJtrgf8UwYYMEJqSuwMPBAT9mU3Rg5USzfoEjr9qxSk
1,5JWkHmcTHzViU5FNUrepYVYqUsb7xiT9WiDwnMYVCzp9
1,5KqjzMyBCG2jva4BCU4C6whyXKv5EjcRU1aSxtusaqqX
1,5LyBLnCB5ewXKUEJibBtnWifApWkUbs5Pfobt1BZrFUy
1,5MDfqTKi5cdUdALaPRZnLRWTyMTpmZQDuFA6J3E4dytD
1,5MbVvH3usM58vPB37KJpm15HQKnGd4r9ZaT3gWcWRoiU
1,5NW7WTLvVZ2z2EnWKMXvngTfSNM5yTA1NKtrLvjMMLj
1,5NtVpXV4NRN4qsCt9FBpR35ZYEUqeRtYc5gqLYFjPPuk
1,5P3nZoMgeKAZ6e98Cpr4ycMzzNNyVMsfK9Q54MTrYwRQ
1,5PrvyLtjKyjudWLvDTPrpgfTASAbqqqoDk2wG9pkwZ3s
1,5RtMNnCRwNuuK6a9AdJQ1q5WFDwEfyR765SvNyFGK8kK
1,5TC9gVvGZUCEaR9FfCKzPw8jud9WVpCQNzhxbT1pzQPh
1,5TgQtM1BBRVeNQTCJ17WfJGXaQkQcjpBMJgsH6JogpHY
1,5VbnzH5HabYRkAAePbtt4zCmDqa3VdHRg8HCPCbLLtfH
1,5WDDZ8VE9bnY1NbmmSQZTWE1QpNkr8m4V6K21u1HgaG4
1,5XjMBKqad3QyTraVGoDBsm5qtokyTQf55a182EDHJbgp
1,5XkGWr9GJtAPQfjuiqXWQJKz68MqWMhvKt1cc6pGJoUV
1,5Y6yb263MU1eit69xGCRui9iehDzCq6iABvvGC17mrSm
1,5an7A7naFkHJCcAEZf2k5LJryqaX7HJ9CiXC1o9mTX1W
1,5bwpXB1kDfV2hVB1y3QK52oDvYnatx471k1afnRKEVHq
1,5cA5L7chbCggUNUHVxXxQdSBMPFm53MTJ6XP6iVb9i2M
1,5dp3ijUmiFEZvxxcvVUcLYUd9PLnu6Z3YNcFLZvnVXTe
1,5fPuRREJLAGJD1dahWrqbyQgRa7SNYBUFQFcyxCrXEhM
1,5fUNdfxhXvHTUhf5gzeWEb1A96W6SDrykoQLnwcGu7Yc
1,5fXVMJMo6ZkUbD9NtKnc5PZ8b36skAUdgWgh7BCYDVPh
1,5fkmXQcJqC47SxGkCaTAmH9i7T3wgF4WfWpuJgRxWwj8
1,5fzDPDBsoUYaGHh2siJ3NN8kLzu1g4qfxvSa7wv3oaea
1,5g6vL1Y7ARqLnAGwiR4PqpMwZC51zmrEdjHGxcbyaQSC
1,5gGfc7M51kmzqepfmBLkTu5qNLGGxDgWkt95Pwf3Hmop
1,5geTxuU4VoSNoxKK8MgUzctcXWVL2g4761W7J5fL7GDn
1,5gfMMgPsRNFp9Fsukb6Z7ig153XgWN7hZeLedEAsvC9f
1,5h5bQbpvYp8mzhvMRYPiXxMdixGdddpCSSkG9Uyt1NaD
1,5hDUvBA2tZ2zZzgXxibjRhoF3tfTvLasdaymqAD1Vhud
1,5i9FKuqm9sUyb8KFtrLLYwNhuMELtN6mjTNKHqyBuM2N
1,5mzGLW2WqbWrN39rmdpiiR5xR9HqTzT554G5khq1gAYV
1,5oPA6pSLUAoJ5F3vNEqR9zvzXEwdBfDMy5jKPTh5FD3L
1,5pD7P1ubCL1HG21ZiPp2ajVMxXre85ZGonEbGxHs68fm
1,5pP97WCozwMZPEWj8NPwQYsgq8bGvnn7HK86fShTurSY
1,5pY1WHV874NfVos4veJLSmYG1fLBChQoZcojdW7x1zBz
1,5sBnrKCjjMYBXZZbiwh7DkWruggceU8phfLss9JkVTKa
1,5sNXAUPHFVXJYjeCwAannzkabaMaNus5fPoftUCdwY42
1,5sRKRuYLxaehW4z17Av6Z4SBw2NGutQMQxvpbbnYoDC9
1,5sfVvmVeykGLgpyqsXUKnphRcHXf33t5hAAQTXjVzmqV
1,5sxpeE9L4RdcArAjKWE8m7gYNbzrGLpDixRoCrxoTaMB
1,5tWVpew4Px3FBx5DC5MzXdctfPdkKqSYmHUs5GBKWxW7
1,5thF8CJEQ2VJCUVvrqnTkE6j9G74yWTeJZWBBj8sEqhu
1,5twu3it9qEvByFoZQhwnWV8Z1tZxjxGhd7Ajh6yJG1V
1,5uDMxScwps9XpBiBaMqdkNtg82vLt9shmz211zAZcdfA
1,5uHFdq5ncZwfSWorbCFTw9ej8ACTzdnUnrNv87NQzFmP
1,5ushbyPDBLczbmj8DjLiJGXf78UgkAdqpK12eRTKLJN5
1,5usragLzUKZ5Y1MzPDfoeasaDynRa8dbqWTirVMep9cg
1,5vDk6JvxYDVtEuzTJs6YiAvq4eTTcVAZLNEEQn5SnrhG
1,5w5aLwDhz6gB4oR9SAyxcgbZtutZFzBUS4jrTUkPs2Qt
1,5zeGD2iy3R8mY4aXRnmiouAJZeUBnA7MzJvgcbQvQ9hk
1,5zyvJYX9NpuwUisReFVbMegoYKdEb5sHFAbxkinJmSBe
1,61LhLuYxTX6Q6JfXUXv8zGGT5zLyUHWmjFQPGzgPUD68
1,61NRkny4L2uub6Yso687jTGvXT6PkUcTBZxKWS15YksF
1,61UufzCnxgUkkbpwsytPJ4bg35pfVXiyminTQomjbryE
1,61YuPi7CTynyELyfheyLjgDwKm1Jjs6EyceSFvfT1HNa
1,61iNYPSsY44Tec98GmH4TCfaFoGm7c32gqMqEjHWAoq
1,61pzAZuiQz9aa34vKHz3BvRkWzwwRiZztjxXfHZTrafG
1,64j8N1fF4K66eTXwDmhswkJjrPiWnuXEcJakWXMTayCZ
1,65TRSqXbPNEAugK8kWWLisSBdzVMUdw1h6sWWwoJkaNj
1,66pKdaj7hXQspTjfKr2fwbkFz67rRQrM7PDpSeAUprT4
1,67wV6XSMNZ3qTEbGiMEBjqvk5hCK3Q8HKqeJwMy5H17m
1,68SJdAwr3wRGSKqcfQjiz4FBnhafQEn4xThZWr2pzv1y
1,68sx6V8Kq1AmEm6gLh54ptzVSWGTwJLqfydrPVEDgiUE
1,69yhtoJR4JYPPABZcSNkzuqbaFbwHsCkja1sP1Q2aVT5
1,6ASpg5WR8Bmvb4pM1dmNJ798QpqSsT7DZQANSVCEpruf
1,6Be8W6NKTHBGjYVWXftBL6hUv8fPDB823mVM1FVC7X33
1,6DuKfqDkdEJjqY7xNidgCJQSwXcx9TAvTszAUg7P1YuA
1,6E2kzdccSBXp4mHPH7b65J6kqt7ttF5DGFNfTSeqXXNx
1,6Edzh7wZfYMmBJjBcmBw8SHGLtrKGjhiEDiNQKGBnego
1,6F3FAgjQLeyDkuiCSJky7HRQm8R1nrtjMxwG3LFbDuxJ
1,6FiaVUQz7mu6LkQgg2C4b9F6r4GUHirckEqpxmjKL9Rt
1,6FzfrhoNjjewwf8rKkoEQx4xeXQCyVcZdXbodBE67PQq
1,6G3AfU4ehkS9bJUsm6RYpHQmzd9f1oVjEMNDGn6xfZqj
1,6G3pjNQ7HbUe6nDozq1aZ6aTtERQbUDXUw64yfry21CA
1,6GJcWLtq2yjPi5F8ui7aFnUqcxQBANLVwdThgcRtAShG
1,6GTK1mgwAk86Ht7iLxzgyPzXn3kg9g6SHqP3MGkyLji3
1,6JCRU4ZKaAceqZ9vksw6F4V17fMvh7gpw9ei7nQdXXkH
1,6LYzBTSpS5tVVyXUY9EtoyCiuFFBchN6FAQ3XAXQVDh3
1,6MVad3S3h1vn7o3VSwfHcH263F7Zug5Lv7qc2MQbfaz1
1,6NaH5PQYc46V2iSywJCnqjgWYwMGWAV33JTFJ9RRxpu8
1,6Ni9DHgM2X5AcFrQzcywYJBzK1vezeeCb6AcwbA8UipZ
1,6P12RBWeKTBT3L6s3Np4f8YZiZVTJ88chJcustW26NR
1,6P2grVYtXsJwN6aSuyQ1MCTzcAt4iQeS1u41DHJ6kG8D
1,6PwYeqKWq1vNBjVGdjjdq3DPJshMAnwQJba1dra5zuHn
1,6QU2xqRZTQJMdpsh884DJdjGV372jPZ5FPMRoQt7pKxU
1,6QgTdavRCZXeYVm6hE7b69KUc6dsByBSjvAU4K4i2D5A
1,6TAWCVRVDHdW69bf7c3NqZv67iykLMsNomJfudhEHPXi
1,6ThdBCoV92raeAnQmvJoHgAbZnpTBRNndayHFeKAZdAi
1,6Ts51LtBgNdFHwA2h8h75uPvpvuvizfwDBLVxpq3XKPW
1,6UntMycBSEGD2pLN14XGdi5dRMrnYymp9Cz378kLSLbb
1,6V76joSaBsGJVSonr2eFS7M8xjA51tEGDLYqe2dEBY9V
1,6VGnHJQqbs2ddw7piuR48WzdMkNKWnAjS2tw3pnicX8x
1,6X6GxnZ7jEhCtzVF4yNEN1Zmphc9PmQsPN6dp513Y9bh
1,6YJhR4erg7afSRRBVbNLZxHsvV39S46TDKejXgjJDFE4
1,6YgwdHBhmS96mJykJXduBoCMDLVyv2hKTPckkqudqXBk
1,6ZF3uQuGu3QtXBWX1UUW963DhfrkEntSEDS7SUsnvL5v
1,6Zir8ah58PS6CDPaSKogAbanSwDxD6suBJU397yccpnk
1,6a1PJxgomudqfbAXXBV22GfGgsu5j8JbfiZXBGcYY4jN
1,6aHz5B1hvRvCjhgKBMGcRkZVssJmqcQy4CR8sMHo6bn1
1,6cd7mNHB8uiL2xXNim2PvE1EuLAcbsj9HoBDYPQhQJ5c
1,6d9hPmT7dxo2B1H9NAggidyjDggL4zbBhqNPLLVgBQL5
1,6db7U3EWWNBPHEmYHqzR8kVF8rLVZn9wwypvHHAJwYFj
1,6dpvMQrokHVgxBsUKGSD5mnAvuN5x5F8APisUdFb6A2U
1,6dsCDPRUcnUdZ7Ct2eQfhF48EvHE6n2NVsV85hhkVfmJ
1,6gPkwcU5Mk8REpG8Z18VL4xTA3xdEgXycw2tN7JbdLKV
1,6h2S3di8h4V9rwyXYKKHP1MvWUCjx1ZDX2F51cFaQFq8
1,6iG4JVQJi6fxTLZebiEEcGbufQC2j94Rbd2EV8PVG6xR
1,6iGbHxQGxBDVYfwExy16Yt9ybz645UstQL58aEbDo1Gg
1,6jTBz85JWkWdes7nxU58Pk2xNMYdMtca5LXEoGCwsn6B
1,6k4L7fw2H3WhenKHxGZEgsg7oBF3UiJReKKCDJYLurF
1,6mGcQtZ6784htTPn8Wf2qQWbPyUWmx4B7x4nQNomqRp5
1,6nP1aEfJw9LXjqn6BKQZUjeUiN8QesYf5ahYdDwNLKBM
1,6ogTMYbjfRA1wg7H9pevHj3XKAteH4v61VN5vCdMNoe9
1,6phztr4TR3rhmpWQ9fzPhmVhZwR7Uz964dLukdf57ZVh
1,6qBYtZn9VM6Pacof1R2qQkb6ddfkYGwMZLAytEMc3ZS6
1,6qX6HeyDC3SDqj2vcQMnj7Wb7K78qnEuYqD1spxdLJ8R
1,6qghxbHhmP11FLynfKqmbqbKWDiEwoMZkYGDJ6EJEzhg
1,6qpPkWLoVPXtFgPJL7nZp2xLiPp8r23sFsrFEHGB38xi
1,6rkQfVLExzxw3KKrPLgyZZT6Qw1PZCnTvdDSkixmPxD
1,6tA74N6F3BpTMwzoUdCL1SnrH6aWHWnqzc85T6qKZRvb
1,6taQadCY9QoNbHh4EhVdLHGJ7dvparkRqK72AoSKXGot
1,6tiwAgQeN5iBYMuW176AASUMBbeLMfbsk77R5TGSfSb2
1,6uKpEVbxKp5iD3EDGsJQ47L2Mt9ePDGjzhHxqtv1ETd9
1,6uUEnzeTZS2CqtnH1Mroctb8tdUSz1AXGC2cthFjHvqH
1,6ufdWznYFWAcGMA2Cp1BzMFVGdetihdG2is32M1bp44B
1,6vVjCqRted9AApQRQQcvcEMncYemhVMvurcVi896WU5K
1,6vY5Nr5b2WTZr2xFwGudwFrZtjRaYkGo9RFBNwK8BYuP
1,6vcQsZa88smLoMacnKEqvnD2Q6msHkpPnGSBWG2rq47q
1,6vsiyrF5f9Lsw2PewsJMksD7BZ6ti8VgnsDsshWd79Lp
1,6w7UDowMztbeK28Mmg5rbqiQ8Bi1Yjdvx3ZtzHCVCdK4
1,6wUZ5FJr6wwYK8VkkxC734CZ3d8YjLZxye69wRW9vf1U
1,6wcBA2XkF9dmFw99vkLjp9tYp2mTZDtv2JtGxwBmghRG
1,6wjRuJyqNqq6KTKaZbmHbq1Bs6ZkpyDtoec1v4Gneiki
1,6xcb5kCtqy3kTCzQWK8iSCoN1DbUEA8zTVTLFVFhfJda
1,6xgjk8kHjUdeX9cRwtCC1UnYRgXHyCNcA2v5Ac5eDT4N
1,6ydrVjRFybPMSR7w7ki8QgbCzS2Vdg5UPQEjpA5h3T8y
1,6yfHuD8g1KNjhAi9CVc4gPFqzknvta91PFowqVWYZFUu
1,6zwchDxaHJg4nUWm7emHak4WFhHu8zRZ54ZUVTeLLwrd
1,72j1FPqAwABJx2VGpFgupvmmXfobhTYAx7Qs1dpUFKYx
1,73NZQ6A5FZGBM1KMbnR3AVaEZAJJqZNxzcXhVrw9wbUk
1,73XCP4xuZvhVWVbsUW2xkZAhSR7t5hmNQFoFa7SE4vay
1,73aaBmiPWttXnPEDMZhTL8K9ZWTwGaJWrhsZYVvBVcB2
1,73tRYQAxv6dJP1dwKYTPHXwK8zNY57uJVc9fVam5gibN
1,74s3ujadN8cd6hTcPHFoXGrB9mKKFenKvmSScZHD1aA9
1,75VMWYQtRDNnxs6gBdVw1rkDLCXoJd8pgEc3tpiBdMN3
1,75Z3asb8stNFLaWiZncuYJ4X6BH9qwoxYnZXp6YyC9pQ
1,761Gi4yYBdf5UVm9GNPzynBRtLybiQfEhPCK8RF9hHYt
1,76pbCrWCLrV1VaD7JpXR71f4aHDP5v68DEL5tNF3uia9
1,7748irpD9y9CQKEAFWtkf4uMGp4PeoxhyaHWxWYLCzT6
1,78thMY8yfYzXGRhSArPMr7j8Rsh5QEPZviHVPfEfoMDM
1,79sh3NCKrvbT5scZDAawa6KWD6JyeL71rWpYuSgpAyGW
1,7AZAhNHoSRQfuREeHgtN1FgpJgTSVtvZoSJTUhWpq4cz
1,7AnoEufFsZXwqgZAKFdbHPPXCH9oMMHhtQWEDs91FYdD
1,7BRgEVP3XHharsgHeseSt9LAX2133gndZ2dATnQ3dAQr
1,7CJMLKosG4aYibG8o6FhXoCPCUZ1Wpa6ZesVJfxRBpJo
1,7Dh5FHnHGDW1gw5FP6gPsSSGoL4HJ1jSCxU3DfNssnsd
1,7DmXoQnuzRN6V5JsXT2APdMFFYVFtAoYFWGbWya5rcZF
1,7E5SGjtXQsT8WKegXEUQ5eBjyFfpBiMQvvY9kJNYz4Ej
1,7EKfPanTTnzESrYUr3YwqW8Hho4CkXAveXec9zVgxGxv
1,7EPRwZ4VAVocwLKt1c2bdCYZDjQoRCCT1UFaxFu4xQBV
1,7ERc8eFq6eD8gAxzQ6cEc6eGJi9uNJDnnZ1tj1GHu2dU
1,7ETu4v66ct5sPdmrKbNgNzo5PrmLnW7p2P4hhX9FhQur
1,7Em2UHpXAfu19JjGjQ3YamSadrjmN4EG4gA6oeGbZJZz
1,7EmgKVufBUn9d1a9LAGgyRThmjnve2w18u2ePcfAYv5v
1,7EwijitR31P6KU3fYQJgLudGW47Xs34Ms6h7dJRxqJeQ
1,7GiZYqfMptmfKkUdfQMnXEMa39GyRxtH384e4h16s21N
1,7JoNEPdHpjzRn5LvRZqCMKh9ZCXiYFHGHcsq6RNjT41r
1,7JuemAj6GUcse4KXiKd8aXvQwZR4Kqu6rjNAm8Z9TUFt
1,7KHC4cf7jTx6CxQE8zgaX9194JzvhAP43xdvD3zfzDDo
1,7Kn8tEZoBTmDDMtLLDxGLaG3x9cHvVyjE3k6CXnPwQQ8
1,7Kt3gcRRSEJXDj7SsHEnr2DoWmxD3nmjDKp91LETuhM1
1,7L3WtN4XyVPP5k2kubCjwpRPJBWd9t8RQkhAL8E2HDNU
1,7Lp9kWEBDsi46o5YUs8F5MM11NLJRvcKcFq7A4KWBjym
1,7M1ZBCuYih2y2DSi7vk5Sm4ZGeTxPUDEvs4vnviBzr7W
1,7MK5kx6d62SUy8reyQgWKfa2dV9JEcUFYGHqZxvZMv7k
1,7MVp8xUdEpA1fz4BmgFfXGQk2WAC7FFeDrZM3Nwq2j7n
1,7NPLMWgrFWEADvHu4BwzgpAKcyD42TWdgJAHWW2iYTJS
1,7NWbuzZtFT827je96wNPX2xqL9sAwZb7QtAXeXLdV2pH
1,7NXQPFaM5h7eQschkGZ9sCkVFUwzdwiC7E8cAqx3Y2xR
1,7P7fTVr2XtGVzxoRKatLCibmGcBRqV5v1fgZ1RH1QUqm
1,7PUor2vCbTmbWNJL5L1YNCDwWGUHh9dajW2CUVgd47eT
1,7PUpphSHKPrDmNfKNud1saiu9DeYcf8RM4GTCN3Zbm14
1,7QiDMG9Cp98THvWCwWzDHMf8vgw7R2VdbN4Fy8A8ojyK
1,7RVsX1WXWzJFyT8Nyz26VL1txeGbdBew4kGnYD2XrLXq
1,7S1S7mus3x3X5pLwiEWyYKkfxhPBFutq8qbknsw7f7uh
1,7SGRaLNKTziejUGuELQrytCJo2eTLynHZNuG1XmuLGv4
1,7TQrsy93XBHdnvAoa9RfkUMrwcNsDfSrW2jDSJiWh2YC
1,7UhjbynicBP8rqcobwsAJDfRMjwgHSgdxcYNJmLwxfms
1,7W3r18DKPoJTwM5bQcA7pfFQNacTwunTwi7qVa9pohCt
1,7W74z21UJrtRxG4kuePtRFk36DdjbKQcigm3qMEUyb71
1,7WPTVPtKyoGAt4Tv6CTDKMtgoy5f9v2K4q8nddwA6qoG
1,7WtqJiB91gR2Agw3eTj6AkUEdzE7RAxsGdw4vN3idsmz
1,7Xj9ofXtVYDKoWdNcTRyaQzi6vMgMYCsNYDx5Mvs9yme
1,7YkKEmKUL2ACVm9zp4v8At9eBstdspnoV7ZMJeH4f46P
1,7ZFpLxLHCRxLtueghcS3EKAjXJTYY9iMqQ3n558n2Arr
1,7ZhQxkT66UH3BPa5iHodcfgGgqoDansbWEn3V6BRuzkE
1,7a3AhKLnkidJUBG5oj57GbMc5o4jai7y9aidQLDpKZoM
1,7amTcWazg9wShShVPLTqJSccA4NaojBndFYURA9kobsR
1,7b1RzNFmAxxyYAzaRj4uU5pVFZ2ZtUGEbVH2XGkMUR1r
1,7c79gpzVHSWKBb1tEQH1EWkZVYe94pKgGJ87ndcAt2KL
1,7cAyjTr1jzQkqaBkNqjr4xU7Tn29goi2yEcfxuKtph4g
1,7dFnfvQdBm7XLfHizJgcQarfJbzLQ9UJjpDNJFqz8LEy
1,7edZzcyGkdZsdGYKjuBWnH8779PYZewQSAbue3MhNEzK
1,7fRCw3qdhcS6NcrZ5qL1J3VeQtnXrbBuMMibdn6ZqEgF
1,7g21tunT1AGPBQADkRF7NiRDZnmSA4chLqoPz6vByzCe
1,7h2vcZBH6JQ9aN53x7UTgpE9MKVeex1JNjMdVrKMMbQf
1,7h6fSQeKMfTkWhxbJYCT62cNe4CGYd5zVevCfStgbRY4
1,7hM5At1NsUjJXQeLEyyMukRCQ94qHukwXtDJU8v8WZRX
1,7jCnc2364gAGunQxi9eNP62cPRZz6GYVkGy3CTq2qGCk
1,7kqjtZyCq9sHA6neYqZJnHbqW4dEP83xyhU4bv2dAXjS
1,7m8wPzFc7DGi1SvoFhobbauyZeLW4L6QHCC3aFcnBp7n
1,7mHvVVRqSYVgmGBVbiBPZtuW2Pj7ntYBMYmTX4La168r
1,7nAqpkuEDSUoLCFJT7v4CpnHmgNtRiREMsThNgkVg7m1
1,7nqpE9296uWNN41Xv1tuwLqi64tAWnTnA7JB8kC8yQoB
1,7o8jeYWFiubv9ezBKoXTinzygH5hbavDk5ZUQxSawhW4
1,7ozoNcVqgptbAUHjLR1vNHgEfKiE5aYufStEHzJhxKeG
1,7p3LxB6fVXdszzf6864hesg8KQCNQ4HCCrEFEBBH9y1a
1,7qLLZCmcukEBnTFezpYghnD8ituGNCPFpKJLDwF2cjXt
1,7qbRRPWvpdZEc593wT3Hm3VMHm8pUtxdFiCKvfm5eHB9
1,7rFYk7JDYDKJnt2sDZyBv1nBGW25a4wGac38HTYunXaJ
1,7rFgh75LtPvTRyZTgBnEu13CuVV2tHJbc2RBMNGp5D4f
1,7rY1pd33AXCST3koZV1DCkFS6do4aEhzcXdDQpdGpV3D
1,7s1FvvcR3hvd8mVzci9kdj1G22pk2pYNtxDcZWU4BYSJ
1,7sTodmPp2RMsduhCUCBMtooFgGnRpVWVuwiq3bp1G7KB
1,7smqrwFPAwgNxY1nCtsnareG9rD2sW8KuLAJF2CT471q
1,7t8n9ycjjv4htSaHHS9kftPHF76KzPZPqSYEZgPNoYNr
1,7tTJuZK1kEvf9aKJAx17o5A6aaYLMweyDB3QsPXY6Mxk
1,7uW17M9eJAJ382t14RGQKst13ALzWqdL1zTpnuy43bHy
1,7vi9BGcuGPg3ek3mYhEDvg492aQDhiiauUJkTF996VZ2
1,7x282DwAc3XFoT7EbDjiCqkaf1XsGypMwwxVyJhraiZ2
1,7x2aKLmQ7UxGNakrsqLKzM9KkTv95iFR7z9eZAtWLWMd
1,7xcTa7TRaHRqJCZuE71SQtfCUii2oqo8pin1WPSNzEWZ
1,7yXh3RaXrSDvebipeUu4w3Qi4JE3VBgaFv8JBjK8WJG9
1,7zKBSMymP2Kc8vRTr97ULXxWhV3gTSKZ52j473mt8mwC
1,7zrNDhmUBm1YZZ76X5eFnxK835M6nTu5wyPFvkczF6rF
1,817ng5Tug3ghgoNS3Sk4jkCfdFS3VBW9RAWEymgPCqEv
1,81eJR4j7yK2QGpnRvvAbfQ3A6GJcfnsdp9U5p6sngtSh
1,82NZKTQ239Ht5BNc3Z12Yc44UeCiRHE6J54oMcKzUVHi
1,82TLQiosrUonGQb9jTzHvW26aK4DPk6WuSeX3FwPXT1h
1,85RPA29fWtxbN7vguLtPcjLTckB2BkRX1XsjnaLpVrWH
1,86dhu1wWGaDff3KZtEFf5FEAVQuJAPZkwZXGPLEYoUiJ
1,86vLcpPLvhgdM7aiR3tNiw7vWZicqVKrUwCVZY1iUMUa
1,87VwJXZpKBcts6nHi4PjBs19xhU6ePvWJawVMZEWGEym
1,87gE4nA5fLbMR5PcRJZHitvaESLeHu3Usph5YaXyvpn2
1,88R3j1GKm4C7LHq6mHLnSdAvtaH23vS3gWiNFkFJRKFU
1,89xPW7HWEnmv6pMkCWau5ZTVhgG9Wuy6rugV5LcfyL9g
1,8AbVx7AAuGru1RqVwe4DFg8VEumpbDvF92jax7BR6L2L
1,8Ax48hBbTfJ7gM53qTKNurtfwcqMZQ6DkxwkhfhCQ6i1
1,8EAZM7pHmXCz2ZVKmDb13mxVchydedCQXhJkedn5gNiu
1,8Egb6s8tAyiAWzJJv63NVpGBdeKM6aF1Sjvwy9bnitFc
1,8EnQC3mfDeqfHMZ6BxS9K5M41n5b7Tqd5moxDSXprxT6
1,8F7D6qkVjHoKhrFVN1hhtKK6KEJq2dJAuNbMmrMG6wHq
1,8FBua6B359GcAGkh54yXWCFMzANMABG492UDbYkVPW4c
1,8FEvpexAfDFPCWD5jMA2iboHPmSwqxhnkzMK4vHrJDRU
1,8GC1F5U8HGcMDCzJaTfFtnsNyKUNZfFC6fQqjt49EvaN
1,8GUAAcQ5LQZC213jPcFpu8XyYknd8cYd7xCFQ5zgZtm1
1,8GhFU1QSZ7W5qFRp2UtSZq6ZW9G2oU3Y4LSvuSh2D7bb
1,8HMvrnDsuPYUngbhL24Xh6b4DynhHUGG7kth9utTUjgh
1,8Hnau4EodM88eSguSH475uGSNUnX3k9WxnriNbqGKzkK
1,8JRSNRhiyqwrCFXwKE9azvGMZt7Ejxx71eS8JBbhEzB3
1,8JW13zvhJtdqyxhmFb5UeCenNBEtuaygV5wddTVwGLfm
1,8JZVZqHmZdsWH8CYs11mxqwnzeZ4xWmob88bWAp2ha5a
1,8KhNGmHS9NebkfgxbVVvv4FCrdsSRspiLnfZUwpWU81M
1,8KugC7QhCzpMfL5myeHXRAoL4fjUXFz9rczfn2f5kSPY
1,8LENhtzGcrKLvnisfpxJY9Qc5MED3x1vAetZXHJivVb
1,8LR3anzRZFENGRPuSQkNs5FXwJVQze71yRdB9Gvt24iE
1,8LrswEJ6EDqjz89CQNXQbcnyHgFMZwBwuoXp6tSTUZ9S
1,8MhvkJr1AbFCAmhuQ7kFCsDkHzoTbAqB6XqrEYrkrvfG
1,8NBocU1Me7dM3pJA9dFqGw4QJEAjyfAqRhezFs7638PJ
1,8NXd7kqeRV8AdjfQZn2rX7RKyRuBsE6834oUnoUsX1pZ
1,8NdTFa8EaUspvbPavvtZuTgPJr4c7mCcnDqBLauJTnkL
1,8NgHty6BXRRSg1doYTWzLjeTCqAfyfvtPoePFSipXWoH
1,8QV557ZSbnQQN2rLpFJ9TbwVeTcaXeVPfmVg9J26Vjt7
1,8RVW1Rz87J3wGUe736Vix2VyjVxsdYZzAkLDkPrgseR5
1,8RWMjkio9wtdAb4k3mTXG8L4PkV7xRaAnvKLe5XXDmJV
1,8Scq3Lqc81sgbtvbp68c23SpyTWVBqTDmwGLFCBHKqHN
1,8Sy3ihnH8hgQKyAxLdEukaxLWuwMjMM5q1BmqqqLsJu
1,8TSnWaTu7psDeFXyiAwNN9toLgW6wCWt6YxZG2bq7E3L
1,8Tb57speizrfedEqjN5fMwfVZ7u7e3S2EDDEXz3Tdzta
1,8V93BNxS3XWQbZ8ALFAYBQ5eWw8cj8ReuxfauRvWBgZu
1,8WaBCytoHUJDBhLiRHTgmT2SMMoBPpzk1VUSkp8CHcow
1,8WgrGjFgauVb8JMScFRqqRmi5fESWWNLyxDAkWK336wL
1,8XV61Zh6tv9sPhy5EN6uzaHrL9Tz2jgyQ54Ec4NGzSbu
1,8XhbF3YR7QdvSmrFWJe3yTfD89MUe5oyGoNjZN21Wen
1,8YZtKiZiSYa3BZdJNdUJ3rC3jCVMMiTUT3gywZWFVu4j
1,8Zkyevkr5XmoSvtPULGRoUVq3oSugHGBjDXyszGcmLjJ
1,8aew1gRfHddEXFXufwWXrN7k5vZucWnXPU1pc6DfA8Gi
1,8bRDt6EhGoorN2zK9XWZaJZ8TRu2MZ6Txwdqg93yzFnK
1,8bZcco39aUN4NBc8seyjqSCHQJmXEaphHXD5uBZVbzJw
1,8beWNTwheuSduZwP5jRzvSM2dEhzHfZYvfGTtpCmUNNz
1,8bhdBXx82uzHyx41NhUyn66t2bfUiNVPSpmjYMeYn9ak
1,8c1chJWBc8FjHsTWKki4fg5u9vHD9qyoB8YhYvKPVKTB
1,8ch5ttbeLDxyXeVeDGQbZfdRvDy1kHtFCRnw4ELfFkGC
1,8dUskV2712rW44mCe9isRSLKbMWbRYrDDTAD92pFmPqm
1,8dZ5HgBinCXbHsdcD3cxrkKiWjTjq3KBB9v8fSyWdDSt
1,8dcEF9j7so11bk2e9nVXdnp9kbRGZctTswH7DsBMV7rZ
1,8dz2C8DQTgbTTqDgN24XSbjmPf6hzKqc9wCHxsAYYorX
1,8fC8asJAWfmPX5yvSDAceycnat2jncdNeFc2K2K8SQog
1,8gQFVDKiN4rWnJWYw14JdA2N5ipx7TxYdeXoLLFbUctS
1,8gi4fvTEiVGuViuSUR8Mu4JuTKncNhtcvTSVWhBcwmyv
1,8hJn4jq31LwhmF7mhz8khcb9AgDa1uhy4hmK7znAsg1k
1,8hccdCXQgvqbNLLActT4X7A5uCCWP4Y7SyM7XdGMbxYQ
1,8hwAv8fTmzMHxmJDdcsjzUxf7HzAtobFFPZVYcyQ8XKR
1,8iLYZhrKe3BQ3dV5SU3iuzxLR3Bj3K9n1PhcJxJi2Wjq
1,8imsTXJ1gQQn8TpR94NYmsjB37sv4zJuyKYJsZjvMeCa
1,8jF5JsTakiqHu5NX4FqXmWYTpKnbnH5JBpuvQapY2Upy
1,8k2cZ45vaQ43LQZGZ7sUjTu9qURG8ftNSo8cpveDjeST
1,8meTWUZqsmEBY5c1xcmGwmquE4GqEz8kDGk3ETGmpZUu
1,8oLq4SS6ogLb5t6e9PeJkohqcBQ6UGcTZsWcEKtrpdkT
1,8pDHdDzW4xK44Pnvirn2JFYtZAeBABwcv6jKesGx3o9f
1,8q6CorRKer21p69yniitwhPVwy9YVw4gxyeNkwq45NQn
1,8qDYSshae1FP9Jaq9doYgW9rB4ioD2bDf6jm3sBaDqa3
1,8qQJSSfnW9b2H1MpB6rnQAwdYMxtqPEFHyrZwt74ijs
1,8qaXdb8zYY6VaUZai5t3cMQuCNYWh78aeizv4Cd7FmZU
1,8r6DRz9PTcWrq782MEWc1nFRPd6SSKTGWXoTujQ1o71h
1,8rrWVy2aPEGxNQFmtxvPS9wPHzTShzDfSzYaYdtWdo3q
1,8tBp1m6Mzr8riehHJn4GhrXVnigCmsdRfmuHfGyu7ZNZ
1,8uAnCYxpexnsBoiTH232743fBRrn17VfwkMSic86PbL4
1,8uC3t8t4S1VNdGYNfjnVGm6R6CPPzoKrwKtTvTCAdHfG
1,8uFH9MFHUicxoZEbQrwsYyEYvW1QwLewzQB3PyntSVUK
1,8vEtF8BRqacLaMtifg8jaRg5ujv19F1b4nBcq2H4V873
1,8vnChcK7mP6ia7mw2VV42NafCURAjF9EPjj4nWJre7n7
1,8x7R86iCvEZAYgVWyz3koqbKuvCJonrshJJyZFAaNU3L
1,8xVLWDxGYyDUPs8sCkLyzLhGumgC32vjGBHkNxuN49sA
1,8xYEtS4DMCu1x1kWAB9qqZgTU7MVF4aQZErYkwbqHabn
1,8y4VuKQq6ZSEZJuuUwAue8EpcvYefC8wbNdyrKEYGvfN
1,8yDRGZh1PAs8k7qtyDp1JcBn2hpoSkZz4sY7sFnKfJir
1,9265yDqLdGEB8WWaEkdwGr14ABaFzZ3YD2rEMVmcScEN
1,92VXHqHWzTsAe8GQzFd2fL5rtQVGvS7mfTWeWjZieRdp
1,92gMRR7ZtJfPjCcne9983S7sUTtuSXMvdS7BEy6m1LVJ
1,92knpSGahHLsqkNB1MG28T7fRCaFKvi9pHVS6wRHwEQk
1,936FF57esfHZ9Nf4xfQM2Z7BdHJUdcC6wbo8s3kY3urv
1,93LQw9DZrEKK4HSSTmcHU4ivnXcz66rR7M6qL7w4Xw7M
1,95njRPKFY3fiMZ61Y2bsh85e9Q5VM3KAmqXKTeDdM2aA
1,96xsoi8Zfq484cu2AB8CH17brmqbHGWs1GHMwKHdej2b
1,979JQaHpcXS17714qVk9u6Jowt6pdphfz6z3oDFgXKLp
1,97gxvEdMbpmQbp6qj1K1Qxk35jUa4uabv4o9PdnumGEM
1,98mGD4qE96TkzJ9wdxevtrLeDkyQpaTXWXXdjnXJTpt7
1,99FQL9GeZMd1fqspCyvG4ZjUg68j51wqhycpKFig6kVL
1,99gyRyXo3hD1xVCCPF13ghKHhASfrpHQnj6huQSRVj9T
1,9ACiVx59p85Tkb8usPpRdvo6CHhnWyHkipzGcMz3LNVN
1,9AUF5LsyCNDj88hXWVLgCoVzrdpSKNoFo4yBarDFqp5M
1,9AZevWejz45kHA6AjQoie7oNEN5NeuhwiSnbNMZEErqk
1,9AjUp7vCU1V8Mt7ehHDff3ZnZ86mL3nELTy6Fdqxrt5i
1,9BMyZnRKsy3PeXFH5gBvabd68yD8Ldw2aLyHdmEoSbV5
1,9BZ34GaZFzyMLBTta7L9xkmZqmHrpAKyFaqJQbHmrk5h
1,9D3A3a8CxKtfGEaBszqEeHYeh9LAWTeAZBLUamzqhzZ2
1,9D7WUYTMziwcTqDankWgzV5xJikfYGJPsiPCgGqRc4dv
1,9DZwbvS1R7Tp3gN5EhCaohbFmqYqPsD9HDX8KeDbFUea
1,9DeuEXgPpJ4J7r46tRyrrTk8X2u41um9Mn3xV7VbGw7o
1,9EbBQDFGkDMpsPbxchKGZeeU4jHeY7eFHruTks5VexXM
1,9Ec4nDUuhenuqkhC7hRmr7TnMb1Y6gXVshB2GTA1aJr6
1,9EpWDZtUTc2nEshLa4VTVqkBfbkyixGURXWAoXF9a5dH
1,9GETi2yAWs6KcztBrw8emGf76d59jAQTgQ33CJHKZ2A1
1,9GFYUWjPgTCNMzyyk3zKTXNUoPr6zcssUEGj1utjJWgk
1,9GJ63Wo5vSEoiJgsEhunmvQjGCN1rhcE1vk6HArS4MS1
1,9H2Qiq3QKuwVTZoWc7oDz5tZrp64ofRsiMLWfn5whx4v
1,9HWxNBRtgSGHD7kStGCExf3723bRkerNngAT5LQ6CJFY
1,9J4gGbsUEoDomjTmW6tt3AUFo6gdiYfjTbppT58H7vgr
1,9K6kFJGPjXY5vCGtMkSdayVCz5YhVZB5tSUMdyH5zpBQ
1,9L5thM48kmuhe8gS2LTy2ea7hTjB9aCQjPb1KaPpm73N
1,9LgUdUwJoKyhKFV6DUyxSQcRyE2HfpKLLSUVq2sHT4xk
1,9MP6ytwxUnZSX2hrEvHT4fUkqDE83rZdeiZTqkG3Lrir
1,9Mfs2QaQoe9jj23LbQDVev7hreh3Y8N2q2Fo6gaWvTDs
1,9NmLzZgVq8hcLpdqmNPAZrngr1k2B7nJMXNawpZ7A2fQ
1,9PAT1XRLhh1i2tLN2mdCNnYHXqEJHE9ao2BnF5sm74YS
1,9PmrC9MbmTVHpMyR9dCzBX4CmisY3LLjzKC1urHHpJsQ
1,9PnBNvpAUjJrWH3FJCi2Q3YKyBCwYBXWd3eD9C4oT9zU
1,9Qsh3BXMnCQha8f1keXHDEwZzp9E9Bm6SsrrLm2a9jjw
1,9SqhfuWAbLMvNUN8kRwpYQwFMev5dG7KaTwdy3SfazPc
1,9T3LwEG26qHjxfF2JzcH2QjyMSZzmqaoFmDdbQEJ4gPM
1,9Tmg3fWTP2t8BXudYuZYcHaP6GL7bFknDrZgzuJrKBFt
1,9UE1Mu9YxYcb2FnPYyPNGvKvgLEUdfFSzVmN6MxrpeH1
1,9UfyoVLmQpdMmZozBtCAT9q4dJjhG92g1cSRjfd83sBv
1,9V1BVEPYNV3FCGAsRpP1ZhtgBKNkRgjzZifijcfTocam
1,9VKtY614eRYGcWXrzfpB2U5Me8mdhzbFobowhZBRYwdB
1,9WyN8YrgoPQpF3XKzE43xgQrWWDy7nzZ9b5YNHXitJve
1,9X8CeUJmjHBs1jWzuJZAqBtiSVV7vTi9CJzxrCBK4Zup
1,9Y6qUc9RMjXD4CbLACWASe1C8VwHsaC6dz3AuT6hYgVx
1,9YD1T77XGisc6pupnPTrxMRcfqUnsAL6Mrk5JET8CWFD
1,9Z3TyG19fxFgG4n3H9s4zuu1V4t8cpcGqZDBf7pqCetX
1,9ZRqMLPXuzLBHGVvGi3ea3EU3s5vkBZSHq1x79XZxCnU
1,9c2KLjiLVMchy4kkxS1jMRUsEy4KcyqLRgbFpPpouWLc
1,9dBC3Neg1yNyUdSFx9EjX3pHPpAkhofqVivTLgSwoh1p
1,9dfmZRuDic1njiQTT6BY2fBNHawBRt2Dtc5bxuLMz2Bp
1,9eG6ng9DxeSPT16U8eqct4kDiSPYXjNqqGFZEWhhzpYw
1,9gDsr3iUdYnPbHM6R7U8bLgAPU5AfAqpYNvMJ6e7CoXc
1,9hVgh35UNtwtmZfaoPShGAGganhkbsa7Nky656HB4RKC
1,9hY2wAQeiZHAxQsnrcx2jdySAMDuuSn95TFerczL2xTF
1,9kPcJWRgoWkdyrAKkupLonCs93kfNdvoxxUVh6ZdSAAV
1,9kTxMQ4JhXCnsUrNvVYSSA4rH8W6pAPzUGcVpnFsDcEk
1,9nLgjSDmFrC9cUQRJQVpGFS7c3gQCvgyKd5VABspdqhX
1,9ndHmbf79EYe89KwRDmpn6RSH51YtAUrYMBvh3nXVHSH
1,9ny5B9cX5ycJqzeYhw8HxYVfds78Z4zadYXWq265RRxt
1,9okas8GAjUjYmaJmby3hgnQHkHgjahWse2AvkQ9vbjMC
1,9oust22y2ijFcYZ8eESLK2fg6bevC5doRuVK9c4Y3RHG
1,9paXiJP1Bd78TwfR6cWcVXK1BcNibCzVxrhLVY3wPy7J
1,9qaXZaav7san6CSdL5sQxB9DYWiZKPzui4mduYVHcAh5
1,9qrteQfrh4FnuPxdf49sJmJrFyreS2KsMvLFJuiEUczp
1,9r9G9spQuE9bSJhobJTjwqM82ybDZ2xZxvfo3GihsFLQ
1,9rMuNPBgkRSNqCEutoZKynee7qcZ8MfTAsiZ2KcLHeG3
1,9rbnnZ2paakkCYceaM6QkPHrLSgy4HUZ9eFr2gNmfDPF
1,9renjC4dS6oFUe3rXcQisVXKBsSTbBjNy4XiZ4uPVFWa
1,9ripSzsCycN4DRCCGycbygaMnTE9wRpBbw2KmYPunGSE
1,9ttqM4BiDFg6yP8iVgaiNhHEQPF6CUZTbsBZE4J9zxgf
1,9ug6E5nuwxMkPHUtNR6FhLMCPYmCnkMyzi24wxHhzZ8E
1,9uiYR9s6ywZ7Uz9b1q69nYxU1uFQwMf442bsqQGAVc8V
1,9uq3uFccNqEUyWoEbTbyRRLc2qYUnzE7BqYvVJLt2GDN
1,9wy2TuWeuEZUoYPLUpfBXdiAGPhn8Uv7iczjH7ZhipRL
1,9xXgEz9p69Vh1HK62u3KbLxe2YeeBosdMcunBG2CVP8w
1,9xb91TXjNVmurrk8EW42KotRsNKmnxCZzwn8NNX5peUT
1,9y5EsZrtEyniViTgfqqvRy1vwqVGpMG3C5Jk7QZgP3Pq
1,9zeGx4MJtG3ToeHq1vBveHd1fQusPWpEpwyuiQcG6PnA
1,A1ECE86o3tz6UWmwMWicrqZmwRZ7RCRzmYYa9okNQRBw
1,A1Y4jWpbfm2fZubE9ogCvc5E3D1wqtfkACrC3ofDHSB1
1,A1om2E8f5ZzvmFb6t3FFcMQWMUfMyiA7W7jS3zrGua2G
1,A1rxFFXLM2YJvtY5tp83U4w9TWZLE4zH6gpZB9X579VM
1,A27ALsyACSnCUur1TcKW6iTPbz6phi8RKmKSC68wbP51
1,A2Gekz7VWsYpgY7axSq2EyQn9DsPqL63zyPyrGZMrGSL
1,A3pTT9gaS1hAg6Y5DyJHc1hxq6MsS1TB463EpaLGuMu3
1,A3zZMWgQoPtx6wZTcPLVh2gz1Ppsmg5B8niMSH2UcmXT
1,A46s6xE1zcgZGLzFTCewAt4srnW6WSc6XkP2WKRjsCyk
1,A4E9sLgEswnuNzj8kDE4aoGm7myUG3Ldezn8abVWFJQx
1,A5nTrcm1Fz7KYT3McMw8bLPpP8GewoJHRCaXiXfMMBDz
1,A5uU3steRoq2stuP3S9ePUWWRJATBHN6tG8h8mgjV9To
1,A66BDMGVsmVQqAYLpZYtK9rhnyX8dRPsvL2eQF3nGMF
1,A78PEdHE18NJPcL29y9sws1uAfLt43ZttwbgcP2vddXF
1,A791NGUFsazQH58QAcWQmQ8o8C75j7R6pQ78GS7hV5ss
1,A7npmcMPXNwwijg5haGkWv8L7pxV4Rr6HCUXmt6q2pLY
1,A82kJV7KjdPUqMZaFB5uzhHhynG8WyR3MFeDCQR1ovZd
1,A8FYaFTawApgb46QsfwWNEuDEYjKN94rZY8ihssh1jsp
1,A9TjuvZhHj9TVprHdSjo6PsryUS5Yf2QofKuWCLXonWd
1,AAYYrgqgouS8XC7JKN8358JtfXyQUZiL1hNZKD55CEBg
1,ABx2P39cVbaarunHbP4nnY8HWNiuA7H49X1bqx8SgNRX
1,ACfzqgTYLHcNWJ3jbVB33Hx15amxZjSRJRgEePsi5gp7
1,ACtUZLdqi45D5qHJ7WAevsiift6hG1WLQVyrB9fEhLX9
1,AD5yZ5WiDVBaSn2DGh9D7YvqsGvpWwWihhKt8cSpRD5r
1,ADEEVJ8nESnGwruk8iSanmygmBAUQ5Fio9gKdyQmT3eH
1,AEbRH1TL2f9LFGRNGyugyE5RTUAnTHiS4GtGixXLm9Eu
1,AFacoyXwaXc5NXpjpBYG7UmN2NATVZmiE6fAwj7GgZBs
1,AH3ZoWnJSYwajpveFwy6kcXuoi1sLW4GsXd4HEX2gQBq
1,AHsUmp1mT3Eo2bGUULXcVeqRYwZDWQZ6RtFEcutckAXw
1,AJ2zsXvkij1Qni7ZLq61Jja8gUeH41VTK2GQdRFDBdAk
1,AKw5qGyN6RUDvYwXzUWj1VqC3jqygz9S47achsqkKP15
1,ALxSWUEgWPbKVaGmMsirWfh6RrUZdTVkEr6T1sYsa3oK
1,AMjzo1mA6R6Vhjf5HYoJbbgz3EC4vDDxouqPLcnoEPmd
1,ANjeUZLGVM3zamVRzmGnqk8A3oixW8rmFw3M2bA8Hzh8
1,ANraGL7zvrRjLvvmbvcTnXspKcmPRUq41mD2uKieEvra
1,APHacJXvsz6ix3ciZmUm1hH9LHRhjVaz7KXfVLmBrh3V
1,APdNC3v9QxVLaWHrk17gk8x25in3LvSHLcsJJtHK343n
1,APdpp4LMTK5k9cRhG28ebazcwmNymEozFTFfdB9pVPq2
1,AQ9w4M3tvqmWSRsybWm9U4535FDinsLVigHFPpFADZ8B
1,AQMQfWV6xZFLfSdDv3HCykJuX4rwtBWyngKNimvr7Zzo
1,AQNHh4hYJzTdZYbqLXSgPMNMUhEgcogWQ8vqLpU7xsUm
1,ARyF9MRqga3WqTHynrcExtWanCXvL1fMAnK8hYq6szmj
1,AS36Jbx6sr6MwxQ4w7ZiXRgkKLEHhAQhzFDbHHRxjDYs
1,AS3p26SdNb9HpJjFHRuGG8ttSfAgWe3iXcxkCMAnux4C
1,ASA57GKSBJ5hrorHtDX3u1RZEdkANjs9Ky1dp7CaEWAe
1,ATssrwk1zP8y9bGz9HzVvceebnXAfcoLMDrewS3PW5Af
1,ATwvGKFByUJ8v2vEJqUSHtRJQmg9pazYP6JurSbFNVp6
1,AU5zsuFjq8Aa27mZotAAdLNYNfT3AxEzVqdmszvWoneg
1,AUo2bF9a9hoDxPgDrhbBTC1LjoPQiyq5FfEmYvEQExSz
1,AW1ZD8La7DtZcPXgEoDG3bQBut69yH7ueyfUC5H3Y5bh
1,AX4Y1sbXhnhnES6UNjF8W96PxoSD5hVZpZPJKEYvcUR8
1,AX7EzULDsF7jUDuSjJyADyo5SrGKdj9wehXtRZ9gKQ6b
1,AXgvdvZK4NzNDrmrZcdcjRWvqB8xMbZczV5PcagZCsUU
1,AZDwCaX8r8wjJTrZFvxyaZWKABtkYCdQfZH8RSogtp6D
1,AZRXZRRg2PXMZR99Q4rZ8HDywrfxebifubh8fVjWVHBK
1,Ac1n1hSEhJSMjg9pzE6x34zjxDv5Nb67WqxthsbDfxUd
1,AdU98kM7U8cfQtXFAbq8G9AJSUK7eXEaYozd1rfHPH7k
1,AddQo89XBDsz1QpqGRjJaRaJbDgGxG88UtCQd9TUR329
1,AdhHokttkZEYj5dF41521f1xagJYbpsYniGKNhmVWfCC
1,Adn8DbvDUwQgEPVDKimFeQpYVDjFHKR91ND9PZsSyXoa
1,AdshhsmYL4SVf7mW3MMFiWFQSd2FY3oZqes4Sg2XSc3E
1,AeqsQoLWFzxz6seNcCEjjU5XfQ5ecMZvkQVnA8MKGBgV
1,AfMhKEn9fnwHHJKU1sHuPRj5NM1cMhKyhLRPNTr615aZ
1,AgYUXgyz1cc4DVGT4owHsxg1ypPa3rt53DSjrZLpuhzg
1,AgetwYYWpM2ZowMisf8TtG9iLQ3euY7qVzTfyaoiLkTH
1,AhBRrVB1HEoYjxzgBgoo5abjP46sUvkThQRmPk5YRMqL
1,AhXQHn2Te2kYrRz83gLAmddm4YmHG4opaYYEgqUocS4g
1,AhjxZj6k2pGEzvdK17VH7ofGymyoL9f2duykogkBxdqr
1,AhytpUtUzAE7W4jgYZ1D9Fe8bkYW6sXj6vS9i8nScPp5
1,Ai23Lo7HNGJLVobD9SNjo9SaaquFpEHgimo2aZ5r2LLk
1,AjHSAZUfqhMcoVb7zTzZsGQozWZbzKgmmFavsevQZ4XX
1,AkESMChrzwBkbEV9G1fxT7jYxkoMe1Yp76ZXMkt6DC1j
1,Akm5XVptijX5C91PhUGThBVooXc2wBqc89YGgYx3tRHG
1,Am4xPrDrQ36kRENogSLA5P2acrvWmxXGtZbFRfaPkHxP
1,Anmqyh21jRYexx6HUZc9NvUbAAhw4YxrdnKvFKDwUWhQ
1,Anqtw8tcXfAGuzwiAPMGuwRbxN9akB5pYzr9857xMqq2
1,AntQY9zEFw5QSystHwg4sLE3DSiENHqBMbwur5yyStCE
1,Anz4Lh2xPrbzVexdbjgnR7J1gxLeXtsUroUPhmAzqcFf
1,AoKFkBGaBpApFRtV2BxdE271NJM13zv5HDirFoW28R5q
1,AoLz3Fh2x37mo2VA6eqKYwCnTpRzh2qWg8ET3GtpoDRD
1,ApC7qor8Euz3qTSVXirURbxPoTGtfes36NgA9SMFRcK5
1,ApLZZnzCq8jgVAoMR1rDUrGj7MJkxcpYW1Ha1XWhmddV
1,ApqmdBEekBhB7VUbWA9mSibXof8kSLXCucyh4MJ1ajm4
1,AqGKxoLE4NMyPXzq2hZX1aS1fy7fGdtfakKLkv92J2KL
1,AqUkhYh8qmPp5ciq8DeRXK8E8X5MW6JrEMoYABEMXzqb
1,Aqh3SdR28yHa1rm7Qzq2NjPuMD3JZSvNL993RJzMgT8r
1,ArkXBzLzQUSuRLRScmQ8AMnCDQ7jhrkXfhV3mSBwAVnh
1,ArkkgeWwgbmogLtT9NUkWtVUwtYoDnFcYweMZg4rgM1Q
1,AsYAfCumjqTT5oJuJXPrZnah17c629nGtGXuuykPrDDG
1,AtcBogCNfCKSQuPrbnkyvMR8efxGaVb8366VSk4pSpR
1,AttqqoLkfm4ehAD56B51TwXk9ipNtVRQ5e5nuebU5vDW
1,AuJrrcpsh6TVNaGVGQKpe6rPZn5p4KgLHqn3aWc8v9X2
1,Aw5mXdCAWB2GiGL3mtmWWHpXYnqmKXQC9d4HvSiBRhyw
1,AwWn9GmBGXMEi5awh2MK8GAe6N8jyjBSePv6G47sEYp
1,AxapER73KXrVoeuosRdZhfRPJcpmr8VZRkUnego2Qhy6
1,Axic61ciKzfoNpvFz5eFyakMNvZEKJJSFP1oQM1XxUaV
1,AzSd4idQgjRa2sLdUXUjaARE9VUcENZ84zU7EdgB8EYs
1,B1CjqphkBBqGJwBMFMDEBsL4GhLtdSrVzdAkn6tg2smV
1,B1L631ACPoCwTzELurJE1JPY1qYanAAmuJCe1yev5WvL
1,B2bfyt98L8QNjuKZWCFJuaEu91TQYaKEw25myBhmwccN
1,B2oDpdMV3wjvNqktWfFwv9qK65vXaC7gNKbZUChFxt2j
1,B3s17wftSXNZH4ZFES9pg3eGyBoKosTTngotMjvZpdW9
1,B3ukrwQfEG3NXYnwtjgamUHysxUYfnPXx8A5DexXg2AT
1,B3xPUa5HcRAumgsKEse7iY8Sin1tWKyznK6tFJkBCDt9
1,B4Qi52PZCAw5PQzatKLrAJsD7QoktkGBRCjSTfWqWxbZ
1,B4vY9zMHKYevDcAdyYefs7oC3KpaYehRoQVqHHtCPJDd
1,B53zMAggpWncykgdhJbvcCsE5ZX22qzXrYyngG9RNeGD
1,B7XstBy6HNZWqdsCSWD9TAcHp8wMEwrg7yhxrkkqtMSN
1,B7uU2BTTbXLwunRgZvLzvgZFnMEMWQUA6QJAp5YwTZsx
1,B9VGUyXXhomUn6EEjpk9jEL9cdyG49DYJMyjqHHuJwYw
1,BBPK57fKt9MRmVEUmZpez5M7BLcjF3EWKoxMRnQ9T2Fs
1,BCMPMGN2f67ox9yK4beq4C4XS6T4oezBLuuAFyaqMcS8
1,BDycpFbkAntyW75hDrHsngksSQeArHnkqCKctQ9WmanP
1,BEYXYHZBx9LuxyXzRHhgeZWXAQ9N6Ge8LN9Ua1CbGqmu
1,BEdodwDQrzVERnDr4qqc8PhJDt5pw9F5NrPFkxU7kffk
1,BFrrbHKJx8QaiKNeHjn6hisuqoChS3t5TuyLkmdQLjPE
1,BGW5E7V3mVojpt8uWWy3RyVcGa4qAWYnVSGvYbD5iyrV
1,BH8Q4GDiVoF8s26L626vYHx6zGhPQYJs9qELsCtRZ2wR
1,BHQFVtzcLeXJXZG6paoGw5Mfjb2FVm6yLnW3f9AjY2uk
1,BHyQKziUtbE2sWz8MQRjVL5gJGKzq5UbygQgQ42rW2mU
1,BKWNVkmL4fYY8WFxsiBiRVspFQyPxn7f7aNEgLrRJkN1
1,BMPHwXPw1jXATvhiLPyhgy3ExRC1Db16mRmvGbyabaEy
1,BMgsHTvcasRVtuevHJh8t6Vf5dmcWkDLAx6gSAQ3dsYm
1,BMqGtatQVAbHq4yc9kKxJDPY2rpkAQxy9NiCnWQYw9SM
1,BNmy3p6XHd6xr4hRHFVvXTXo2JveyPmeftWNG3H1txmg
1,BP8J2AgrCUfmS7jFqVk3U65iqKc3B2mbHgx8iigj7xFq
1,BQCxLUD2fAcJXEC8jZpZCJGZicbitExstdE7e37giZ4m
1,BQKKt9gLnSncABnFUG1tgHX6yQqW38nB6BUXjVnnK1tr
1,BQnnqagRo9BRcdppj4rbpCTVynKnsLjtRDqJp7Eof5WN
1,BS17aSB1DfKvTr78AyzVQ5VqKDxQyJhVmJ1VaxzbEyfu
1,BTJ8y8irVR84WUJLEfuU7HUH7UKwadrEGKmEsPohtjYe
1,BTK6hFH9y1shgyY8cqeKXyyVWHxMHfVkALFjE5qizZP6
1,BTR8fFuM3Pe1eJeBsx1dcBF5jsJ3kLysBaBk97RzaGJK
1,BU9XiEyPB2hzwYwXKsjGLvPdnuQgTR4aqBomyQtFodUd
1,BUryq29mB7EEyJxHsvXXqPSwuyULY2fGmBQWSmKcBXwm
1,BX4ztzfmdVZrSoBc3HP9ZNJnFTZ7TkyVKDheGGSNVZA7
1,BY3EEfEDnWs15hcjbpUfpmBivmrHMAA12YS3tFJkihCG
1,BYeyVpErmdR5cU6ViqDavhQaFyxhEVDrECYgF55PqV5i
1,BYmtEyNCgVXnY6pu389xy38vTRzb6QErdy83P23qbWAt
1,BYmwvEWiBTtXpd8jmS2vA4XiQvSAfR54tiXEvWDP8Ncu
1,BYqmRF8a6uZZpevxPcCBTRfKUeh5cwbcfEJhCuKt7ue2
1,BZKj76teymXg56VfBTAdfHM6s3ZaEupe4DvM5etGuMpy
1,BZXa1Gyhp3veXNkALZz8bVzVtzXLrFmmytmvNvsiBKCs
1,BZvphq4eAwYeaqprwe6GZppQUeghx6csPaZctPTRs1FY
1,Ba5zwr3BUMcNUUaKB8kVRuY7BnBFv6SoEC21rkQiXhx4
1,BaKkL4QMyzXkvV3N4PZ186Zo7RDgTUm5YPvqeEXELaFo
1,Banof96mu5jz1QXmox3ACspw8Rjp4swzqtx3D9kJR8xP
1,BcPjy9uEoDidbxbnrW4BFoPs6vjbkbbYoZiM7ExHcqF1
1,Bcm1k1bK8TNZzT2TUqgBZeBn9AzmMvFAuFUghXS4nh9e
1,Bd6sFGLSU6CuE5UuBz4bCcd4RM5ZEiaXhVScxWrbYCRp
1,BdTBCxX2pQMfmgsHoUn1wsANS9ex7h7vSbWSEtYhv3vx
1,BeHrZ2eFjEnoh3FhvxFbrJMR4JuzRhmeoCoZoymx6HJ7
1,Bes5F5NiNAYiCsQwkTrHR3QqUj1NpL7AqN4SktsFGzin
1,BexWJaPvxonidXupHDeJJ9siJr2LXAHB63w5RtBJ3mtR
1,BfoFGz1vZCSNTLd4LXVHmfmuDr2XSwGCvcLo9WtkzN2w
1,BfwjmJZ4AWVY6DseSBSSzZQdf69qut9oF1k1qn5XERMn
1,BfzXwtsc55fyNRFPCR4HpeZabzQ4HRLiBTVg5gp21T5u
1,BgdgWUUgeHRCiDRPiaMavWp3zfgaq8RdC2fBoVLHnJp5
1,BhdTyeTcjdNS3XaD75hyat8xQFRN4Yo7KT6yd1tY9kTR
1,BifT9jKbUFECARaP6dP7UHaZbMfF92jDL4CKfmU2TLgB
1,BjHcPE4t98oo4V29fncJyJjeU64E2AEnvWBykZAYtrVg
1,BjXfynV2d3fLPd2jq4P9xz5DAYbfH3AqN9osCEZNfpZ4
1,Bjo7tnU6ucvu81jdj6sRkRXeRPxFPVRmMLPmHQtby8Tv
1,BmftSFaT6DAcZM595ERNhTyCdcBMjQczFBrtC7M1W4AK
1,BmrePz8yC2PDfTepAsTS4BtNZudbGbbrK53BJR5Bsn6g
1,Bn5onYn1F4yqNBQRsL6n28eCw25CpeWs1X2kSbk1mCPN
1,BnWUqKr5CmZMbxTgLkBR8byuBMuxq7fNVP3mcdRhEMdy
1,Bns632ZF9yjvqzs95vuSB3cassUPwmFfKPFKpsU25e6n
1,BnsYeMFSQbKENK9JwqxzSy3Bh8aa57nXdx6fVZgPub9f
1,Bo5nJuww7dv3G3wKnkWJZxNGiGqLAvDJ5CVAaHRDXTai
1,BocF77DWCAoRRczMpJ87nk7f3XjtTtqztRQxmmNtxEEY
1,Bonc1835LuezG1iAWKvVZTpzVqYWafP28SRFuPT93ukp
1,Bp22amTtnfttF9Hyp1WgsVjMmYD7sHU4an2G5pjUEnaz
1,BpQKBzBJrXoqFJkDKngki3K2tUhUTkjYFnMj42fdw2Sb
1,Bq4nDJUnww7GNVMZTtE9z96uH2HUmJvfZGzHuenDFVAj
1,BqGJ7M8zEgfxHJdtCbM2tne3gvbxoxDAAuaCgqc8nuHT
1,BqH4gnyMs5K7JDJy3dwdn8VmUYT6RhwEJ7UfwADnKCVM
1,BqwJMwfcaX53CKL2tRf2nf7DLFhEFB2Q6gFZmRRVLaNH
1,Br2uqUSZBzLWxQ5ZBAUXyTyQpJoKXtMttbbXqEJutwWK
1,BrpWQfwAHc8QBQyAm3ffYwP16JV2AG3Zj2zNDHFqSMwe
1,BrrGC6gNcbf8RJdTasiETQzrJBG6wUEFSj2FJecNq3pb
1,BsRNKxs9rs1ZegZ4kf6JqMi1fyd6htXruZexUiS6MptE
1,BsyjUvdab61SeLuzQCrmzmD5inr7sKkrZv2nQ643i8QV
1,BtJBFxhVvp4FGZL65wuKffgubHrEbofFVzcSao3y8yij
1,BtjLeYiXXYJHSRz56PWpbUkynhiVYo6rL4dzsdWEmYc6
1,BuzFM2MuTs6K8tXWRMSndA8KZpQr3Z2cc9f6taQz6ghM
1,BvRNWFtzSDF7uYHXF5dGU1wcqo9skzJHrCznbfto6kWE
1,BvRhH6Vbm3GTGBwKPtmZSYm84ByqTPPMdd73qh8TnQGF
1,BvWTRGhmJt9qPrXqPaE6E5uuQEkEPxDupVGQg2cVDAk4
1,BvtqKUhyPRhKjN43KTbnoiqA2V6RUxvqzXVymxiRWhDb
1,Bvvmm96YaBNJVk13ik4aeaVGz2dbyHjD5WNqD6UVTYHP
1,BvzQPNsCaMgTTjfEd8SmpyRowQ35Vey8GL6UADKpshhS
1,BwJuJKhKyG7cRYTVzcJpz2dEw6YyN1x78hfw99UrwgvT
1,BweWy6WEbE1gqRiz1xcGEo7UPSnGResta1awbt9yqAqP
1,BzE3KpDUWwiKVWtQ5ZxC4Kiz5os6379XFAShMCaHcQNS
1,Bzq3JbvkLQZU4F7ErCPpWyZ3cAZ7SPUE3DpbTMBmY5XF
1,C11RVFLnvyBNLrn8xVmVc8AQK6qx9cfvoLFdXFp8Niuz
1,C194Gq3oie49XD41pfKnTGNCfaHNnrru57TQbrZpzivt
1,C1VvM2WfSDXtis9KPm991brMEHjSd9vceJVui1SwB3uV
1,C2xk9dWpi8SPzHbVY7o5RmrvatEcGcCun2CnUBASQ6gq
1,C4MF4zU67sMHv5qZJPGttz5anSvfDYuQQpHiVs4cT95a
1,C5Sb42WxGTuPRitb3fSojkfef2mh7PdRGJTg7USMvdMA
1,C6N8C5WCzKbGjp4bqVYYZQCA9asVJyfytAUfTcQNHT7p
1,C6RarBbo5zxMzFiVhYAvbGUWiJGuVsSczawdXdGzeEoj
1,C78ZrW4NsbNJYuLvxsvdhDkke84C4Qz7keeDPoe6iZkp
1,C7Qiei8CHVsF241MGg8huJtF7uKH5oR9wM5MHLFMey6q
1,C81J9HsjnvDorCBjaWY3r4A8dkwedVNNNMrwbBuAoPC4
1,C8UCVdiFLEb6qUFdfhWfjmsJQeCUHFYJxM1i3JuTTTkb
1,C8cXGvkin8jFrGNToYzbHducwSsRqNhxdta2vi6aU6Ea
1,C9Chzv2mgFPxs98bUMnT4scUKcVZnbVZnteSuRJ77ejF
1,C9F5KSmFAVMnyZEX4o23gJFKfmTZC6uAFStjwt9VdMkm
1,CAJeaVkDHfnAUFYuJWoHR5W8UMgdtFA9kYWauzrxgANs
1,CBhYisRKahiQF7jEXK1jS7SfkxGYY5evTPE1Ke9kcAzH
1,CCXEzpBQhpvHXSRPbnHxcMoTpDqKdKpLosRfoQYPA5BE
1,CD1pL2fy7sy8GrEipZiuqGZQCPYZbcK4Ug7MKx8JHeJz
1,CD6sgsSK7DQRPBX1Dyx4Dd5KWikU2dnJnXn9fDgzyJCC
1,CDHKk7986qpYmFpbrxEGjw5iUCUZ3d4bw9HcLkV1ZRpc
1,CDi63uyDjznuxJ5XoCWSU4NWKeDumoj77rXQqQSJCSgP
1,CE5QAREFLjte1bfHKYYTHgjMUbqVkVK12keGVroFayTa
1,CE9goArX64Zayzad253v1DWqekeHMFRPgtitM7GL4577
1,CFK4zafpX7XRRPfiCUkzhCQYDb5dB6yhpWsv72GWPESo
1,CHTyphpMpKoSbypDLPJHAsreFqWyLKENzfuw8YkXsPnJ
1,CHbU2hmy5amFXdn7DqELv2xV3mC8yzTWBWYgq26ZSsQb
1,CJGRKw1Hd4v25YaeAj8Po86s6nFncY7g3ko3sGYUvZZU
1,CJNfhafZVZQabkkKqwLK2CZ548Qkox3tjFPUadzZe8E7
1,CLTPK6PSaCPxJe9V8shGsHEUam6YeCAWBjiQb7XJ2NzU
1,CMLLst8vgt7S2TKfuqZLzwX3p1uUyjnC8PWqZQKikUcK
1,CMtjvs6AAtoUmdguVY1WKCdwzxKdA2BbdqRa6VKZ3jiC
1,CPZ88Egt8EAcBt265ATpufzgHotb7svdFWMifcCUCMEF
1,CRKMybUC6BJfrGYNDLFzVaVUZjyo5VaZDUBoTJxWyUV
1,CRczExfudHyfpizh9d8CLp69UZfQXtMntkgEvToU1vT9
1,CShmJirtR9f6dsNiooQQVnPAWvpB5kRQVKjhj8J7u9kk
1,CU7e7nc9scvdXabTG5ccbHw78tHCk83FbBgh6sfFtReM
1,CUhWAXAFT1DMeGZr8ZL7RcGgLGiswVapuVZP932d1bim
1,CVKdJZhSndsR34HYKpp7hnFzGwX2cXeXXT4KwQ9MsvB8
1,CVWByzq1fPKuE8Wj8k6ZqX3YFMmbBnc2TkTW5Zxxpvot
1,CXhuFuDDRCAabgRsgpai7mCP3kAXXnHfKAidKxBgFrZ2
1,CXmL1VTpsvegNeKDzQaiumA6KqL7Cu72Fgfuc9GuQi6x
1,CXnmaeQtBGhjoMDqTHvqvKDtDBMR9mr1r4fVSkU9MWwe
1,CYSVoeC1rs1rDf79oGMzd96HSRtXGnttHvFUTYJfCqvX
1,CYisJry9GDqj5dneySQmwUQC1JLTfj99LKMTsd5YjZm6
1,CYqx3FRubEKLr8a8XPpPiUkhQtwhj2vtT2f9vAwmmg5u
1,CZuX9PsWQXx715KNQtxMkfWhWZFw9K2u7C6p5j4L6D9Z
1,Ca14Vmf3Gv1TuUBPVpNEgekDWtr29ZU536cRZ9dncqNM
1,CaRz4Ekm3iwmPKiPxmzbRBp3UTyarR27oFsJzYvzntuC
1,CaTrE8V1dUPsKZpcpT6vcmmcL7WAk8sJm28gL2tNS3vP
1,CaW2gfWgpTuic2PNGQ38D8eHh68TN9zptzjm5iJVdJKs
1,CbKSwy5HTUzZATJJvfUx9GMG3HpqCPXZS8akGZidJJPZ
1,CcQG6hM9cYfoAnTjF9RiGGoxERCTybGSvkvhU3hCs56K
1,CdN4ZiL5xVPZNpij8RoBw1FkjdYabTMCYFrCz7QxtaeB
1,CdgZAG7ELRT2LcHa8yA2skQc1yBoQDWZQFPxrvHpt8c8
1,Ce6471UX6uTDJWwWNJzKqBy9Z3w2gooucPLqqkBof1JT
1,Ce9mjAP15wgJ8fXNe96MESgF2xJJAXZQSCGYGybBoL12
1,CfGQ36fqy3KwBJJen3QWqwa2wdNS1N1JqeHNqCMJqEKC
1,Cg18Mt6kYhBi5LiwStkkRnZWS9DTTyNBjsVTSExHGHCJ
1,CgK87VG5vmhsoxCoiLG2Evoo9j67qrf4uZPhCFdvtJQf
1,CgNbRKYwAumieEte2wqe9v75pBNnJZ5gTRxrzPwopYL7
1,Cgs2yowbhUCdqjA5xHKgNY8SgTYeCTzW6JYXQqqhpAYg
1,Ch7ecSmtptVXjaJNEVpKiv3Za3yTTWBBtyPWRoadgg9f
1,ChGkVUgxLRh5Sdkvt96W3qxMy49JhYegRhyHmuQfUABR
1,ChtvgQNHPFVWHpH4tb9NMfoFH5CJ1HAuSV8JResYpsRW
1,Ci5W8PA4CA9rPcV7iQnhYJq7PFDpRtrvoSBW42SawEiJ
1,CiDzjp8t6bHF9bU9UjMkkTm4zCPZxcaXTx8i6P7Wv7BQ
1,CjZeHKLmXimo3mTbzZcj5Mfhkm5yNaN4aA6Bg9YXaARW
1,CkkphcGFAUUwudXiFER8iSx1PM3FL8dncDjV1HmN2Z1K
1,CkuWbRTkYmdP2skBeXUe6fDtWcs7tkLYkCk6ahuGhE9q
1,Cky1m1rAdZEE3D6yFSH9YYisboBeQpeZmLwn5jd5RaYY
1,CmE5g75ima9z8rqi1nA3KQyCJagV3vRzAoXUyPqkVVRd
1,CmaD1ZtBiHzHBb9u9Vph3zUwpWLMYHcc9uVtQpGMSgD
1,CmpzSDpU5HhpgrthhKer6SceMV4NRJHMTzwALG89VznZ
1,Cnk4ieniMtjuGZKcuscuhQR1T52GSim6jiRtu5tTvVkZ
1,Co2YWf9L6VfJsonEHCj15K2iDhMsFdzA7fZxiyh7JjQP
1,CowEGGfzGCR1sX4CCsSVtDvpHBAgdNeHKx2dKribUWfq
1,Cq68261WPmLHjmw1KZg7fmWUVeX28erXV6uG8zJSs623
1,Cq6Fb8SRpiSmYBHVwjZpTYNmUNATcVgvSedRwk5Ltd8j
1,CqUSz2J2zvKruaG7EXrfRZMja2e7JNAgMMeneqHbtJ1C
1,CqcKd1YAr1ifg3gn83abBmpAhuWGPXexaZQDonup7GEs
1,CqfRZcXaRW1z1z7CmZmZHyNdAeb88mKDVGQPp5STWUnp
1,Cr8xq7LBLYHo6P6JbXHGb9ErMpESSoEBqNC9317LiAym
1,Cr9ewJ6tZFCwgN3VAxYiJaVwnxZDMHRd4x7RsXQeKspz
1,CsAPHKQkGWtw3XVZAwaRR1LmEMzXxZ8Pyrwxk8KYVknG
1,CtdFTewsrcazKZfi8g6pnM4ZfF8Qvuv4o4mTYjMQJ7N6
1,Cu844APWhnVLmfA1FFfcJcXzYKDFRLKm36PAZBhcFZLB
1,CuEKq168WnsvryEq9gkTfL3PV9GN2DqX4u19PnN2rntF
1,CuPuadN2oVJJuKeMBzwNK3ribKdMuW3UBg1kFWmXZ52m
1,Cui8jecAaBQMUukzTz7uSqC1uMHr8LcDYEZgtMcgECMh
1,CuqreQWHXcoKuNBmfDAF3SmYZJYDrKyd6db7PkwB2Q5j
1,CwfoH3wEs7bcy2sJewQic3qAmPEhL6KNKtiJimy59NqK
1,CxNQoB9826vUUUnYq8yoF1mD64ykdRgMP8fmR3HdBdhT
1,CySxCtHNjyDGXXeMLo9PUtScCesfhCQsnjUhBP2DoCX
1,CzKHF1jaUtgeqPQxL8UQazmhbbVqwdziyiPYLHXXTbdU
1,Czr9zjoY3kvVvuemNi29SjmkEfNbr77R3sSRQF7uHLKY
1,D1VYnDC28vCiCVWNa81GGtKqQDHenh7tq8FXnb6NvpXd
1,D1cQgPoqmZMgCdzNWDSn1oocw8GVAcn1X4zhYs4mJZzM
1,D2TiQEgei3JYtEGa75wigzrdX9PTqPZEkx2TqKALLLFn
1,D2gWcWFFSRUZ5xNKnXLkNDMhGQEwyzvBiEcRChq9d75x
1,D3SrLVQh2KoKuGYGU4Xvj6LRGb3ww6CY4vKgAdFGUEBs
1,D3m7sLX1grmrWuBq6XHd3Ac3duYY8PwfoH3ZSF7Mcujy
1,D3wn2nethKSWeCymwxNRQ6Hqs5bRE2SrSPsnnWc6ZRvn
1,D4KbnSFj6Lvo6VGE9pszv4PkQdhbPCNEGCTwy2GX9DpU
1,D6wSUT5dUv8xD8ThZDS5KEG7yD5KJ7kncCgiFh5thxGw
1,D7FJZyZsp2RdZJsMMKzwD86Dj9YUgNqHt84sfueV5JWL
1,D7FLS8cttuU3rQi3D4wyR1hCamMS8PRGttBex3GPFvwt
1,D7Mu7r3xpwfvrn6tH2LoEqariZF54xVqAfQarBerSuZ4
1,D7zxQPWsQ9pMP2EBqKzfeJao8DhWn6GJhSrWKcunckPG
1,D87yQJjmQCrWsNWCPAkQK9uC4QeFPiDstkqa3NTT5Fx5
1,D8ruDUjXdBqbFdani3NQQUEiph72UBZVuzSLfsg5hxaz
1,D9VtV6iHFaMHSVMXFQD3Vcj3WrGd3BC5LHcgyPESxHZU
1,D9XqdGgCSMyqP7hdqTQ2TnNmeSmT456e8cXoZeFYvrxk
1,D9p2dRwyN7zre9y1HoEHa5pXzEdQRgtqAVMi5urQrFv8
1,DAtqT2r5fCJRrE66tnppUbcmZjF1NqrRbJL2uNogLCfe
1,DChEybW3dZMv2gT5S4AU6hdCGY3rivKNqpZ8xrK6jiPY
1,DCzgdLvW8NSM3vo46kkUcLp4Jq9e2hfADMyYKWUnoD7R
1,DDBpmTpRyqmLuPztuFFPeK6XbbgKkNESYUQiDroeMPLB
1,DDXqAg2WfCr5p7UEm61yotPuUmyyjR6RezKcNcb5nij6
1,DEBBf1BZYwd6mt9KJ3E63TcvBeCiRFSSNbufSeWoChmy
1,DEXVB2QTkFvfAZ9Lx84qe7k6nCq6gLFGfsBBC8uhub3n
1,DF152RoDKXQwbcBSD8ZJVXKL7nxX7mcpftmcio5A417E
1,DF6HpoFBqa9P65EixiPciYANyDB5HL1TniphHAzsnkzh
1,DFfcAxs4DBSFWLkRqnLhLciotmYhgyym9zYEcjP6Q48K
1,DGV9WrcjgGN6q3VbjvztQtSQjw9c5x2zAyR6CfRu8DRg
1,DGnowEwPncyzDRvTohoQ76EPBQXYQwRjvyqRjk9MJnvD
1,DHcyWxWNH47njAuADzuggZUSN139rv3AChBiLFuEkNAA
1,DJM99E1zfNPPFG8T19egAk1YUGXzo57sP6F5ftXZfnfW
1,DJNj5xdFT3xaPJRJxHY3J7NoQXnVVtRc7pExHFJQPSXM
1,DJW4kyobWvuTm4eSYz9JgsyjkEd7TVvLHYUFASSUqWw
1,DK619JRnmg2R9wMzsAJ1BTSvqobjrnFBY7s4hAegWkUa
1,DKAebppFwKkX1Ycm8Tn9GyP2YRRmTEJE2xhyjFmQf5tN
1,DKJ94pvD6y8LDwPbdQu6HRaq8BvhYSrCVUUGAUQUYALA
1,DKTsEnG4HVLeayT6rEb3LXwdQsS8fcQJhwtTKEoXauJC
1,DKeiCzAz9kd9zFdJZXoaBVzGtbD7scB8EvYM4qb2LNjP
1,DMBTaRTPQs8GMVfA2t3cZixgvt86SpCZHFvcoKfNL5aS
1,DMZu3MnuSNQAVU3K8RVqocfNNNcQ1ZtGuRy5NPqy48Tb
1,DMk3wEwH3mkDB2tMexeYpYETq8GpcuZXtbDwGvYS4ijU
1,DMrXjhyppB8aVKggqKwSjuGMXfSERJU58QUxCvWGTMe1
1,DMuU3wjcN1UUHCSjZ4PGirmwMTYXQJwGPG3FWiW1WWdu
1,DPbP6jDw6PE4watH8XBFDBn6aFBrCkknHcEQCm3mqtzh
1,DRbwdZur4YubniDc4UuSAzYWctSnmG6ae3cdxZdsu9yB
1,DRvo9NvHofDDNzjc9x6jZpnMtDRcCJvGGK6Yaw7A8u5E
1,DSN3j1ykL3obAVNv7ZX49VsFCPe4LqzxHnmtLiPwY6xg
1,DTiP5ZhntNYpFWuW4sVyXTSbDH3dXLfrij81noRXVAhF
1,DTiZ7UszrP5STyDmgoynPFLRYsP8qzLrS8vHFGHMqN6z
1,DUREmUS2B1i3cEpB7MR1bHu3sfeNUESab9ya1ZRcDvGL
1,DUrQvD9rkpmDoeVWemKs66t5CEer9w8nDitoCzd5jYuu
1,DUrmytCdTA4eEaM5HKKQyDBsASgYaL56si5NqWCPrHhi
1,DVMxQhBZB6LP582PZEH2Kq3f7sYrSXaJaH2ApCZH2Uo8
1,DWXL1HLur1FHvkkgzHi3keXcuVnRH8X8Q6Mc3YWfU5VA
1,DWa4tquN3y7ZjrvKrRkcfd4rfAQo3BFwuRbxf1zKesC3
1,DWoXvu7mfWK6RZcRxwd8NpRRorRt2a8GnhBfigE5pTuz
1,DXT3DmXWAKQVYyU9XLWTgAg1D62XDjufYqvEs35GW8bB
1,DXjKLLGiX7TEdiW1oGatXZkYq84ho4SY5SrKFjkS8E72
1,DYPvpPUJwGC5TGDKvBM8gXzVVPk8ViqX8DH25ipXFhxf
1,DYWEaZAwWQeh5EZerPXwc1g3nesQifXvPiwChz2TKCTp
1,DYi86V8y4TbiQKjGoQNMSw5MiDoF47Vh4n4SH4wQ8zwP
1,DZEd7T4zpNgQ2DPHrycHKrvyF7mJR3BqK8J6G64jiEKN
1,Db5VAJJjNPxQ8HzokD3ydRcg7i2BpNsJMTipVnjcEGTA
1,Db5pEUCw8RSNkhEC9B2UdsjRAniJCBYsxoieV8VaDDcG
1,DbKUiTJbtCyq3BXQs37LFWZntag6xeGJ7VXFwpDutgz4
1,DcQsY7aSNMrPfkgHXiLe45uKoFjtWzsvsiUM9xRkxViT
1,DdSfMUhtoeTLG55qpGgXfi44L74UgLyYGCyyECgNosd2
1,DdYV3cVGtxkjRCAEVPPUn7aKQFRhNNTwkqeb8CpeMBeW
1,De2uVQkvr2dUHV9aSCya4FpcfDbg2p86gVUYAMXazTD6
1,DejdcF55JPc4ULoD5YiBgshJ6TBUwhNn3sLf1CGTczej
1,Dfu7PAjA7mJG9RLycUoauGbYgAT8TuiUGsrMx98MoPoL
1,DgJZhizavBFRWm3r4xRHmk5oEorqzAYAiK8pRHw332fQ
1,DgUJLiyvzG5JgjSAYNmPdxaVtsKEmTzrwdn8s24WiEf
1,Dgjt365wwi5gBk7uWGnhyGSfoX1LH1vvL2uxnMvRWgh9
1,Dj82FbEGErLg5JnnqGyDyxRUwfEzSMZ7NEVxdw7C4ZC
1,Dj9JtBFerDpo6HV6GaYweViWBWU4NYSotc8ZhjDDS16k
1,DmiVN5P22L96dPdtUKSVwhFmCYDSYaTRsyHBkSxcqFmq
1,Dn1wBwbhxQneKuVUHT6XDTCgT4yWZNHDeArPe5CwBfHe
1,Dn4EFgcDZNjPW5tbS6dh7rojqmK85aAopLW8wEmNfonE
1,DnTbgN7rZC49iF9w6HcBwQ7mTPugnt4yeeBGw2Zg1KpK
1,DnXeuxwnAkhtf5xH2eTRHDRu6Xhf1jDUotLXdUCuUmn4
1,DnzyXNrPQK9cz7aEGmm1BLuLLGRtiztEcYbVoG3zyrDA
1,DpiyrPw2xsLA3FqRWCfwLFnL3HbJZ44vsjdQRWpCiN7w
1,DpjDvDid3HqbjfWb1D9Nx5XkDHTfjxhLHDwwdcCauKxT
1,DqDyQSeNm2suAwwEJJ2rzTHuQ6p3QTWDDRNrVdYLLpBz
1,DqkSCxRUvL4twgXtp88p3pVZqqhCVJAnjLHpA1dzJkrd
1,DrBH1XitLu1haDr8EoSHY5WQcGDzH7NYbRmX7H9vvENa
1,DrPBkT3xP9jEAj1x33xJDgh2hVj6UYQzx1knWLHJcq5N
1,DsaMC2dPWgirZdT2vJNcFGzoE6tX81WcRLzddD4eSwd7
1,Dtss96jYnSipjukgiigR15xzBbAGBFcXhc75eZQgBgjm
1,Dty3patsHd9topeCYjSbBDoibrLTNZr2TjRZWY72pn6Y
1,DuorCNyw7fcs8NLs2DYccBVTLzG6o2PHUBHH1XFDxD4j
1,DvdDqTbDMggZx7LDyzYBtq6xc3UHLMP9KHPA8uRWB1Aq
1,DyF2q1Y7KJaUpi81ZMPCq3knRhUszYPMTTaSktkU2h7H
1,DyWL9GnKw4m6a9F3s66HXHnC49Gs3wRJRAWZTAt8sDRF
1,DynonCX4ZqReEmJhPmJwyA5JAcN41krxRnTgQHHFhU6v
1,DyzY6FfbpKEFUcBCjV1qHtFKXUPRaCY8k8p84K7PeKqW
1,DzBxMPTsddXeNiM5yuCpXrd1hC9Qjca59LoVHvVRCoRZ
1,DzQPJor2Q2RukzpHQHtE7kDKzCJF6o18H1QzReXd17xd
1,E1jXNvBTtEQQV99d5Wp52CryppYSkgfDnSX7XRYf9yy2
1,E1kCk1kwoiF76usLqRt5mRKzWwKgJ8cXaW8T7EArgmbF
1,E33hbcybj2aiMNsMSWTdeTi9aphDXP3bz7SF2VWo3Pa7
1,E3C2N8zgZvn5TgZK9gn78w8eKV8zU7LCFQd4EcGWDPgd
1,E3GQJthqXGbhMD1YeiAQWSuvqF1Mni7r1JvBKrgM2JvJ
1,E3QU21RLaZVUk1iiKkQTQ7GY7j2ZbgYGcKjuP3nnTKPG
1,E3ramWrufQZZE8DZz7e9T3NLpSxRBTCW6HcLwtddLsjG
1,E46586qr6vYXRazKqq569A1cPQgUTr5jMfCG4XEPzLYb
1,E5cmGEwrma3veASEathfsEZzACBG2BEbTXgLDNPD8aph
1,E6bRHE6bH3VS6F9PVwbazwdHm2HPbCnw342Uy9cQpHAc
1,E6wMHJHYQqE4wkyPtomaZUwiJhzHvih8ECtuRjCro88x
1,E966AbNCrUKKib8YKnz1pXhJHy3cdFJPbzZK2sH8LD4P
1,EA2Ei4DnuQctn88ywVMGBwsKG4wMrBKJXNQcXTsfawfL
1,EABX9fX4R8j4tqMiJVqhGgtZCNKg6YYe3qcNdAwaMnYm
1,EATXXFD14cbZT4DXrtGMCZefLbbyh1XEBHomCHQoDvZi
1,EBbeTdWAhWMtYgip7QJKLG6V3KkCzevzLvoyMKXfHLPE
1,ECgaoSpghy1gnbj4tAkj52UJpYnUmSXdEMC6WfWchbov
1,EDUt8zkwuEcxw7VTaQGiWTmiTQJSfvvXGAuHgGJL14h
1,EEWPLmJ1nWMdVpicKVCaZxU8GiTiTSv8nisbeEi8dind
1,EEZoXvXEaxtwUPruXyPPwLFeMakMBRNQBCtymA32jaQ2
1,EFGHFG828dhqRQanKw6iLzhVTMaU1ez35XagqjBheY2a
1,EFRAjSz4iCKaXtJzb7kSWajHqdrnFicMv1uZcfwob7fa
1,EGPNpPVWQnSjFiKZnKdZZywpwgWovQ35h2Rj694CYH9E
1,EH4Ve9s5iNHPJQmzWuY3C5K1K7C3kzY2tSCwbNCXkvS8
1,EJEW7LKzu64oAENBoBrpRpGRmTxy9Rs1yS9PgyMgBcMT
1,EKcaePksRHKXdRV5GBnYKbNfvzwRYoHgYFMHFVXfrFDC
1,ELD8MS78b58F92Wouughidy8ZLvbbWsz7gbhJSFhsTge
1,ELW3LiuZU1VQRavjuMFEG6ewAXifvA7k2npaYSkpyAw6
1,ELytzUb8Tp8cmnJSDerc8SVRegyhuK2SbPpKBRpSjn3h
1,EM6njRuMG72VYNuAKeAdB6BzKmyqYUQvbwE4jZBbLuti
1,EM7UqKYK9JaRnmjxVaQcTaekq4iWtg3iEFKfL6n9afxb
1,EMfMyMRjxvDAy2KL7WHocDPDogzAeRsRqMrJQAzRppHZ
1,EMs5piXuHePgm5xQMQAb4dYivopFegUgJBipoDFyNCRr
1,EMxd7Xyoij1Vwn8JYnwZVkvgo8ZyziSbDRtQNof1NKXk
1,EN6Ef46V2KECNXSx1hj9qPRqo284a5ugFEoLFhSaHq82
1,ENkwhdXen4RjvzVjYrKKXgGKT4wZEoCDURe8kyfaLs53
1,ENxAc7fShR3tzRh6toqemYFdbybK1SCpEmW7YHH3ohhh
1,EP7tZadNkqEGPPPzjE5y7NJZURdQNwKgABRBei8zzXHw
1,EPARKNSw62mHtQWZw4YWzoFTqc9wGCY6GTwgav88CSQ4
1,EPHzc2AAuVLFY7ZemkDpQ9VewjgHxWdPxgc5x2Wx1NfN
1,EQ4J98GBpXbq8r2cgw9FF3Z9fQuy4JpRGhoiGehxY9kL
1,EQTFNEnQ7GJmyTT3aRceSyLBv1aS1yYperANti2FPi8E
1,EQsZm33n7NXpioY8k4vo9A61fsB1WPb2JmaKxQanr1af
1,ERU6VPk1ENLdz9AdRZeSGbCT2Vj3XxhFrU3J6jzLswCN
1,ESvb9BZGZwc3WmJNQotmZbMsx1GJPCf2CqhZdPVsHJuq
1,EUVwYg6HXy9CUakoBVCsr37LDod4QfhYDQVaKBNqbYCh
1,EW4t6zSKcaNyUotgZH3rdy8hucnCk3sHzUNMqaE24rht
1,EWEukLtNgxXjzMPxZbW5nTF31NmgjjnXTVCdLPs1tCW8
1,EX2X2n2aneuxBiinUJYJi9UdWMQaz1y2EJx2LTVEh6m
1,EXGqkSeULrKJVkmVjLyHozxNqDFDDchUAnrEPMY1WokN
1,EXVNM1Z67nuPR8JbmYGu5ncmxdKYTxm4ggb6Qjunf8Kv
1,EXhjkfj2JiCxgj2T2UypFVtTWNrp5y2vLjnwZudGTZr6
1,EZCrQqxve6VtfayfTUVnyRWFaETTxcukg523YtNJfgid
1,EZxVzSNFfL37jjToP49jy6ZGt2Z4KP6SQwhYYAYW5sHt
1,EaPj6vTd8Txmo94eKrx3EW2PsPgdGavNjA3JZE9FTwfV
1,EaQg8YScSMMaLwvzGM7S998h8qXbYKF8wbtsZ4KLwBbv
1,Ebp2fWQn5z5MqGrAsWYkWh3xUtUYFZzbmPMb7PBZzrN2
1,EctUYwpDBoqFh5FmtMevr99WfcPiyTbhUQ41ne54UWCt
1,Ee3NKw2ZRX9LK1DBABdyMGytuPbw8KLuifxhWgcDD98z
1,Eg2HnU7ubzZHnjTiqy8A83HeQmaVQhDBJo71fFaUKDnf
1,EhLhm1KC8XH6Tiw1aDMT8qy5H75UhWkhPDSrrTYjFYHL
1,EhNtK6ps6kZh818EJnSQ7XqxAVm4eQS6pGucNRfXLo3h
1,EhWg2WUv7edapzQyNK1fnNh4ABY2qczSz6EBtaT29biX
1,EhXprusaMS93tam9rfNkogfY7QQMdamUPRrcb468cgxJ
1,EhhwaenSo9CnRxTWJwfB2U8cvMdxiSUt1Hghy3e1USCi
1,Ej41qekUDCTGhdxsEQA5qgErHn8hMGkHfLhZSMogZPhs
1,EjsHrugKZw4yLqTEY8HJUGEp4orwrTjnE4nVHPB9STsv
1,EkHPMw49AaoHR5fGR2av1dnTuaLojMWWtdExxVwb6NZU
1,EkMaKewkY8z6uiG29JnVpcqL7QKMbozxm77gN1grgwrt
1,EmeLsW6MhhSe3chy6DzJmSp51yw6thqbQJ8zZrBFxi9U
1,EnF1pSuMfvHS6bNoUrb5NCLUJCpQvfuogRRxBVaNzdHz
1,EoPSbe7CWuC3Q72tjJ7LLiSs6fT7zv4Kyvr1XhxzHamt
1,EoQ6jYXEAu6X9zG5ZcBexrvprMvyEJz19ygj1xMnqggU
1,Eoik1s4URo5fWoAYjV5Ema4s3DQCNhHfqr5n3TBAK5SA
1,Eoy4MKKUy8ELznZDzpa6UKTCkeFJqqwD4CLYL6Ffwbyr
1,EpUPsT83dUKqNkCbw1pFSQzj5Mj64jv9SSYSGkzf2qBy
1,EqAmuhBYP1v7dX4MUQUnQHiPQPVyaYdnPvqMte9W4dyL
1,EqXWEDDygQ6dxPZgYW1BQXc5o9qoXbWmfzeu6HbzT3Mh
1,EqqWtahGh4g858hShikr3tej9uoR93r3vTtfS49PWZoK
1,ErWS89G4afeaF4QwybMGGmkhCshb2ML6Kge78o3MJbA3
1,EsZ3snawERAJ8izeAumi8wAuf9chgcfmJGfeYwUUQajp
1,EsidFAZKaGmwMB32YBYSnPybomeKCXKsDHPUiP4zQS8F
1,EtR6tV6JVhS3LQSgQmEZwtPx8EGjmkqmiXNqfxj7DpLp
1,EtRwey5bCvs9spEvNCgTpUdVXuMFPeFyqbFEq5vTjnD8
1,EtUtMuUfujtRmZqyVvpvczwteTg6hssHH1iMH9KeezqY
1,Ety4z4App8E4vKj29aGYXnATunoMXJMaAjYvxedsoGem
1,EuenwRh3VMhD5CK3eThfGp12ZHuYRXmtYCqKehFKBibX
1,EwBemrMPBpfswNhZc4n139rsGzWm8FNfbHtAncWEHVft
1,EwTEMJ7jea5xw629VamTRZn3wFy6RxgsdfpLUYL2hShF
1,ExEWwW8sPk2TmdZBKFDwwEaEQEM3sk3yMqCLvE4rFeTY
1,Eyq6AScBRwrUmnasa4qbiBScWENkojoQeXz8YjhuQwxC
1,EzFHXYGi9BxmLhM6jKqWbsqU5D5kPc1jgW8V6fmDF25g
1,EzsjrGz1GtWaJ9j9NQ2Ybn9wXWzbPt4rrQgAgCwM26Ps
1,F3Cd2GNZsmRgoVfYvgQT4opnwYgU6G3Qt64tJPgrxM6r
1,F3dzhfqPG8DvbLkzBzmcuXrAmpBSHcUhkR1v2AFX3M6t
1,F42A1s3S6nAD7rorxvay9Ar8Htk4AoV3eXVs5P5GzRmT
1,F5YTSoEttu6cjNvrs5f3RFybcKGQb9CiU5FmQ8GW5tN8
1,F6L2sBBzqfuRRRZsW1CQfa8CDWWgW7W7N3QNRtSEsHUA
1,F6U9WbX6b1esFTgMULyJpb6WBfQo6CUwkcHmjsQVMAQr
1,F6xZmaXxe9f3d7EpBku5Jy2u8inPEAtBQYyEwVJgQSd2
1,F7qB3D3trWMFB5mGZJaUBH89pRKno8au8D5bqbyjGd77
1,F9dmmRPiwo6THf7aPapDQ2WsrYzEubtYMvKoMzVZVbyi
1,FBtmZT9gkTUx2KU2cEmxd6ams9xRVf68qmjWfayDHsrZ
1,FDAZQeQCvwha2fZjtN4d25udpyZor5wt55XwXeQSseoR
1,FE846vCC5jKtFFt41DPBBNdZA7DKRAaiq8ELnLVjwGxW
1,FEpWzWboxNoXdn9ZNo4Gf2KjukLhCjALa5nbFYsv9jwL
1,FHcJBv6ewVbauuR5sJ1bSRr9bb4ZCotGMdNFo55KKHNm
1,FHmHBzCqRvVizYVY8hC5uVcXK2dS1ndzcowjhcQZpc9f
1,FHx1TdQCC71tbUDaujx7yjnyBwnna1omRe6g9mD8KbdK
1,FJGBqb1LZiDSsXHrUexsBH97ARKJwoAi9rTphXVkxR9
1,FKYQPA6HwgkgDb4YYP1EFj4CNxXtJZsdVgrvB1YGgcvf
1,FKyeViMpCpedMthpeRuMF7fe1SnnG6krZyJtZV5fwubE
1,FLW45SPDaEUyKwsKYwPc5sbAgQAT8wkBR5pFVm9tjuQ5
1,FLcm9Wvy5Fcm1wFMaDF9WYXRKFGzn9y1vnZ76MTUZFxg
1,FM7RtmEzv8YApkjXo8akAeXM19BwdPU3xj4WnrgQ5Sec
1,FMPj25yZnCh5ZFGefD5BfoS1PXRLx5eqgAuZUeAh35FL
1,FMmXYsqW5a7GHXhaE7nDfwzg7BW9622y7mNspTk69TG6
1,FQGVGNJRJnc5UvtK2iakkNN67j6q5b6JhQHKiWGFTFuP
1,FQXbt7hDWbfVd2UP5EFUxv59GSmZUJZ4AeCL82Ypng4x
1,FQcYBrQ3VacgDWXdq7BRjtsW1Q24fFWBTyA2GkhahKYg
1,FSFsh8BtgDjNTqZrtjPAWZE49v6Xm9se9z2hM5JWsZdL
1,FSxErGL799ThZ74L94d8wQe8FHs2xJhUJLcCB8qf1mVK
1,FT54BY6x4VBDdGheELsK36b4FBj5SGM5rf16E7rYhhRH
1,FV3usFEczZjuCAMPAr93zARpxN89SFKAAj9YcEwxPk99
1,FV7ahL8VDCSjGCqhA1mJSPgsvcA1wZCy82x9KEGcQUZC
1,FVfcECXGVw4vn6ZNjmVjuvc1GoZ22WSTAkHRRNMoYuTC
1,FX7a7MVAZu5VctyvtZAPqMNNUvEYfrPKUk9Cu8S9QTJD
1,FYg86ZXuBCdfqCLrWhgkGLPb4nXnPDbi6KPaApVyS47X
1,FYz6TZ3TA98JGq8KgupP6qW3db5XQbDKMFezL5ZdvnEY
1,FZnVGEf1x9JhgkShYCeL2KG5TSAX1kE2u4iRPbsddi3k
1,Fa44S7WSG2YHoo935f68W9xS9o3wVELm1WVZcWpM5Lim
1,FaebX1LvY6Kotf9n2LsBr35XpVuMzW3zRGhB57b3o5L4
1,FarE9XHigrgQEkgNSSp2LkRxBpJLRGRLQH3CSMSB4kDG
1,FasrfVm836tBUM5TpUWEt8X7S9PooiH2D4MHwwYwHRzi
1,Fb2qAJs2iH1c2CKr9dkXTsvoCvg3bD12dsCF5Spn9oyB
1,FbzTAQBuhxYTyy9GJuyE7mH7WxyKSpvxQ7sMssVQEbGg
1,FcYGMbHRKZHxSeysU33nStQ7Z6MbgvLkydDk2FEQA8wJ
1,FcYKdV2C6PNcSxJ3JWb9HaSwy6iMputCouJba2eH7XGq
1,Fdmdry2vYA6sLjgH6Ddrf2z371o7cEhmRs9Y4hUu8r47
1,FfHEgwHjLDfyfVCjdNdra2ie86YJr87x1EJcLqFM7um8
1,FfVT8k1NYBJbWJvnTyierFSXoozjprsovnwGA2KJ6Fbr
1,Fg2dAYVoBjyjAfhU6b2PMcxFz9QS1WcckfqAi4FPjLCW
1,FiQ7FG7ogP7XL7Lag5Bdkm4pDHiQ7ZpQ81iA3W9xzDyo
1,FiZ7BW9W1SEm7kei3vVmYe1JjUo2x8nrQ4og4bDeutEU
1,FjxEVCnS54TRU9AYm6GzSgGF1xfXLPch1jud2RZbBCTA
1,FkAo8bPqs321VmvMjqh5JDKgSomtNUJAQ4Dbi3xxGAie
1,FkfHWYc5VhUELrmhdTh5MpmBprwnB967AuFFLBwrSSwG
1,Fktei5wu1vg7y82gFhVt2PLWEy3bGgJPGKFzfWWap2mb
1,FmEq9LqfSk1gNk8eyxUjRDRw9RkMJ68Hrnu4VNeDVwKq
1,FmWPeBrqSx8qdL4GUc4vBUPpmD1J7W8rcxkU2dZZMx2d
1,FnrNcr9Sio4zdvbn6oyShSTMAc7zZT2ScLmms6RDCdvX
1,FoMy4pE76L5KeF5x2CvSAhET8Az2tfjAGbUgAe4spRbh
1,FoueRqPmspTvaxs2tEEWkuv96kM6wy6pkVXsjr1SUUQr
1,Fpx4MdkdzVQCoBxb2SBT7w7sByMW3LxnqVWKbPwd3GXY
1,FqQm23QT2Py832oxuMfX4ZdEZho9Vy7STXaBqCeVQPUm
1,FqiAscUEcaNNnqLZ3Z3J6EeP1cTuCirHt9tPYhv1hNvD
1,FqrwUZDcDN5TNZoSjY3ptUEzbu1Wq89cMQFCFWtknbok
1,FrBW8g7af88q1iPMcS5TyKKFaEridRrKVtQMWwCoksAa
1,Fsgb3f45i5xCwYDpvzmWaMDtAnRKPz2YmGi4TyBeRPer
1,FunSYT7JsZaWaKuXnmowx3tF9XvT8CtnMxfJZbzdXdvJ
1,Fv3bLHNyFABwKrqYvWiXGuSTh5ZjH7Vy1ZYhYq9HP3UV
1,Fv5Ren9SD3dTc15vE4nq2U81r67DBfy834th5Cv3fVyj
1,Fwd8QKpRxQiMJqNEsQDr9CMCrC6hsWZB1ahGt5zQQ1zr
1,Fwh6LysWZmXfC7TcPSVUKi8BimRyLK9j8p4YqreUgnC8
1,FwxPYngZYW6FsdXQ26KKVPYmey35XxA7qxLj3DUwcecU
1,FxNNkaMgCaQTsJQJgJwP6qc2ayjhgbxAmWmHYZ95dgX
1,FynvZ6uCYgFwXU4dnedR99DLNjijnzEcGwPHv1qsWrpL
1,G1666ENAiLCbiHv1Tc6HRhuWzP7faNNi6yScKLS3XLUM
1,G2iaTUqHusCodgP1HbHR3YBhWmFEPLxULbxik6pXxUGk
1,G2yoJUGr8kinpnCdnVamFfKU8AcrDqWSZqmiicWhfiYi
1,G3UvEDUUscbiBAWVSmfzHe2RuSDu1ubwj1jnBqvTbZQE
1,G3a7vhnF2vYDsUmYZiEH3HW1RdAwqp4pcDkTpwg3TMoT
1,G4EU2rPW7izPQZh6z4zZAtuL4NBnQ451j69dYNJmQyhc
1,G4frgZ1Gf572c8nHp5yqHunh8P6cJfn361T8C2rJnV1y
1,G5aBRmCmZ6HWtbH6qxqDrykupmNbUK7KsRJ8ztLkN9cL
1,G5dDuQuvvmpSYH1ppw4uTqDELHgjhhJQcg4TS38Rezi3
1,G6vgSGNXT3ESELRdZYVDKJNhg2MHYmhzHmrgp6m1xaYZ
1,G7uewEvDwnMk7r7e7vBCttEeJpiwj2rVnHVP3iYEmp8Q
1,G84SrwLGpGTqWSSnwFc4Ka9NvCB6Q7fdy2hRtj8hPjnA
1,G8VLHZbe3G7iDwNFFRCvKagTwF2zE9EYxfsZ4kVATaCc
1,GATVhJgWBDgcYzNbAYgiF34eAJT2mg9nYJ3CSWA7PVti
1,GBanR8H2jhBPMSQaayUSNipXumvvc1jis4DQPUvhVtJF
1,GCrzNygxgMNWPF3EPYUmuMsdu5MjDQsoYaHsPSTYV2Ab
1,GDaDj95nbwZrb7iUvESLZnJXJyqRjwhem8iymhTcgpZH
1,GEBHgUY9d9wr5Y7wBCd3rna3m6urzakUDCJbw723a74B
1,GEs4Vy24aJ8HaNN1Rq9hoL2FVbED8jktP5ZCtG6G5dZC
1,GFwsHDyptyf53h4wc7CnMpyTj4uJ95YzfebcqtgSKv6
1,GHd6JvHWo9gZQTcs2kN2vYrCrpDjWWyCau1SQRg8kdzL
1,GHzshzdf9pFhCBzyYCupf3LpLYeZYpKKP34eYhUoyJv1
1,GJAzFagSBLttTbV9zXA3iiiPAR6wzqhzJuZFRQ1WKc5s
1,GJTqg7Joe2aPLENp7LgMqY3gdGYtAwq5K77EniNhtzVo
1,GKc2UrwJdEgkNHDieZiFaN9Mnagm95jVHQv1pcP5X9Gy
1,GKjHxBHbs2uRVundv295sDzQgR6ARiXcH3CqJZkdrqMQ
1,GLzqVoUQqXhH4kjXjtimYWXX7EZWVK25uPsEh9ysTiYE
1,GM4dfJFZru3nHBHLo3VPUF2oP8uVnZS34sCg6vHFV1xc
1,GMRhHV3vPJeozgZjRX42ZFMz8KfrCAhHr3dkSGgAX7Uo
1,GNQMr5H6FFH4audRhRP9D4PUDmbxtMJHwdGXueXSJz9i
1,GNZfFHyvCmHDKrfnqSGhyipQwUDpwVMhRLgHjd2wby6u
1,GPSLJpv19Lg78EcgAZCRMJaq8T1g8GBbuNBKhUGtuo8C
1,GPnJ6bWGpW6uctFn3kRgWgDaNDeKcRPoMATpsMMJeejp
1,GPsUJyrFddxDuAB5kScmJDJ8SQsBCZR9QjugrfXJVRMV
1,GRhStiAVV1FydAmnGf6ak3cJw2jkrdskuV4Vx41zQEN
1,GS3W4EAAaLe45c8vMJvef7KZYsGaCZhgRS1fGc2CtFCq
1,GSM1kgcR8SLhhv7EgXcPjAn2Zy3r1UpJZWqDQKfrFeuD
1,GUqgvtkQBaDzguRi1i4cAS7JH1pT3yYN5hhDoa2pPN1d
1,GVL6BKeRZCeMJ3CVuZRpSCH3xf7j1GtvYyEkSza7yGxN
1,GVeGSS5uEdYtafqnZZh3KWodCaH47QcFrWgw38uwstWY
1,GVgGZ3G1eCLY8qjgF9BD68nKCpZ1vT1nwYvmVBQSjzCN
1,GWAd1jhAxz4i6d9TvtKka8AtQCctMsRCkJMsiQqjj44r
1,GWaW4N3CYHYqzEFKQUtmUxPjhLZ1sztNRiPUKS6JFKgp
1,GWe5rr1sfd3PU2E5ANz6KoPKdGoarQG5arMeferV77tQ
1,GWuVGWqNeZBi3hHjCzKJDBGaMYs5DfFrfy5B9WHxPiDU
1,GXVWgH9LkcNyDtx9EAPLV5WEqzagtaSw1g29xuw1ycc
1,GXf4tjBRLmxEmrbhP3GT2WXjKaYKK6UX9GqiSF7PQD9m
1,GYKWEiDTdQxotgwqRRu9pjSEMpjmxkLYKgbtr79trgZc
1,GYPVLNimXtKcYumfLsP16J9HasD6cMUWiutdA5ihduYy
1,GYsp4NgbGn1GDMW8ruL2D72qp2X44wJ37PmVnXuz3qio
1,GZPWF2Rxsd13KxpbFQJxtjta7nxdmyEvM5HyR8hMmpsq
1,GZtG4SpwkYbZKc2TFha4JAekjntFrZmA9w9H2j9qcZMT
1,GZzTNqfzmsHmRxVBEyUgNkYwUiSt2XBUnsy9jeJWBanq
1,GbBtZBiEyWbzU4XkPyfVDQN5bvh6R7MsuSeDbrm92DDB
1,Gc5JcmLvpoyRNVV9kWZxCTgSy2W1wQBMj8gyvHBciHwS
1,GcbLUJkPtVqCqWYZE7k6Qfxv7DMwRGFbNaJG9adciZMg
1,GcmP3jUfsRknzMSyXYoGZMS2ggzGvQkHtXKaJR14oM5s
1,GeRksH61sdnwrdTus68b2JUjpys5MSVvrtyvsrkQAwvr
1,GedeYdT6m3vA5VAPvMB41jzFAhjSywsaDDzNGmgAjdD6
1,GfSRoxy9PX9K9qpas4jMg2duo2vQuhgoJAb8PEvLzhqL
1,GfW7w7MdV1jxA2SSVzhydDNS8UJKh6qJbccpR7k5Psvp
1,GhzkdanJmhrNqryVgwQiWbKDe2kkio6p8ejdLsyvMgB
1,GiaseLwxSVnDKCFNY1WZgmDfC7bzpEncVnxCvqLZCjk1
1,GjCcEjjS4hWYXd3YqBSvrp4BbkaTZ4zjkPfTtaNU9BhV
1,Gji5p9yJcp6ET5rHhQhtbRGRikoe2gbHNT7CCx3gftp
1,GjtT5445gQ1chM3ocXmyX9gqgioyscDfN96XJHPLSB6A
1,GkHknm1QFTAVRcmq55szSkr1Mqx2dMs6yRyqwE33aMsY
1,GnSFeRWoK6e5GHfMipVtZoo19bBp1kj6Scdd4qNNfTLs
1,GnXQnrmyKG3vkkAVrpCjqVk72nNmKCnJCmusXdAhnyoR
1,Gnc44LiMaCYYohxWGBtQ54xscuHdpz4rBiAZ4LK5mEwc
1,GnxAtacaHrr8wCByLFiVHx697QTCpXe1CmSeDjn8CWa3
1,GrDtYBLe4qPPeegBYuDuqkEPvJjrhsCzV7Dsx1JM9wzi
1,GsMAV8xHj7XC2d3dKsYyTQDjnTU9KeZ4SaaFsYrJ5tNG
1,GtBTz7AUotRWbcwZS7dMFHd5ncJHp61aMnm63FQcrWxW
1,GuXFwoebCVDAXK2458i27xmYJ2XSfoSymL3KGyujJji7
1,GuiVxaX3suDCjxyCbMj7xfhduHEZHbAmKS8BzdTtqQ1f
1,GvXTiHMXW4DH8nuXJ5HW8Q4cbtsQZtmeT4YC1AiFwaa7
1,Gvgqs6X718xzD6ncnNz1bRpRqDJWZpLk1kYRXGRDdb8a
1,GwjCsA5yuuMXi35amf9tqemktjnR4bD7u6Kk5TqrZuNT
1,Gwr8GzGELHG6ZEU6zfxahqMQ9As7bdhaifn6gzoXcNAM
1,GxCHrW6dNnnHYoxMJdN2wfXNEWh9h3a2vzL7s3rJFWLW
1,GxMmWje47ry7YvTuQ74d8tVB6nWQve6RqKdJcperB767
1,GyDDz2Gmkvdx64MemVhsjnAcMYevg3hKLhBfziCj2jJC
1,GyTVD8CRL35yrytCfCws69GqgwueEbbKYCBbFSrobqm2
1,H13aEDs3ry1DVbwfjp9JXk5eeU5pCs9oQC3GzNE6ZgWY
1,H1853e77nUbpQ3RZGiAMA4H5w9vLmy77uCB3jckhFLvB
1,H1V1Nakh7dmP3wQFWLY2zSgo8fYEWMpoDbKMj4PreriR
1,H1XewjkU2XeN4adN9c5oNjz2cRX4QWStd2uwNrhMtmDZ
1,H2DUkM4kuGDu7jSKhAPL4FsErbFbFBS33ATsB4nRTpdH
1,H2ETTyVdRfifYF5EJbtVq2zysuYRMjSNfG874ojH8av5
1,H4KfmcfGy7p1uAJVkPzXhzDX8AuQj2k1mzGSsaYirNnH
1,H4aUtPKEicLri2tboCTT4hhSagDp1miURsiruTzbPZtZ
1,H4jSCAmmQqQoRseAwZbEwJ4sfU7kFnp34YkwTM7e4fJV
1,H579RS4P9yNjLkhbZqEsrVqCcHfVuUXT8WbQ1mbFXL3J
1,H5Tf9q7HexFpEjzR1WakT9JXGYDojLi4dTs4XSLihyeE
1,H6Ev4g4orxN2sfnExbgjb95cpJ7i7G8f7hn8U64Ww2s4
1,H6cEjq82T7rQRn7MkhiojX7Gaavx7asUKBn23hrfcSWz
1,H6we4kd9MQ3PeQTz33APWtkLq7kJCA9vYnEXqM8Hntd2
1,H7LmndEeZPiETbriWvR4EV9V34JRx9JjyxTZQLa6Eoh9
1,H87myvmY8GVAHPjS7dEepiHNxjwJHif225Mos1sniMk4
1,H8QXhhvMucYYWcMHGbtZ2Eq8Vst2a1SjEtiPd5ggFbDU
1,H8jvPFMeXoUV3ZTJMZqwf6nRnqmrYCiAFVvGssjk2iki
1,H8nJTePHk4uuuUbYYFAvtjDJtxdKeR3MBzS4a8uJwDrU
1,H9rNHjFJ3sGR2bYByWUD1KJyMZ676ovrmQurF8WfEXAj
1,HAb2bVGv3LnWJ1mAYyHGi5cVNnZWavbgAUWKXc61tVmS
1,HAcdY9wQaZdcj66Aq7QUFBHdD3WdPP4h3hZ26WnC44RV
1,HAu8mQj9LiqQ64YS4sEZDw3uE8Gs4eknKwTAa13P61iV
1,HBEVBqWYo4Q567CfoUhPWMjXjdvDUNkVSThngVa1jLbK
1,HBTBJyeHLTFHUJf8DatpuKvpxo3mfZZAm8UUUwev5Lbb
1,HCFzDtn9xU2G9Q2ELxwmJhmprZ7o6aAzjsQ1GN9Ch5Ct
1,HCS1E77eYBZVhqQUNqZUp3DvhDRJQKxbjTYHAExTGecq
1,HDFrmJm6THFsDHFvzx1pK6BZrrZFX8syQNvfYhq25iY9
1,HDk17Sy7y8gpXoTr8X4nuAy7N9NFjfmKRZRCq5bTw5qn
1,HDkJLWajYSHoctb4kKyvsmdoL6CGK6qSz1BnZPrRs6WX
1,HDqXJNWFFx6HMjPAdF3JEPbWQq1NDUAL1rkyu9R2EAY4
1,HEMpzfAu2u7dC4aCGef17EJutgAKkWPZiLM25BY5BCyx
1,HEwBT4GqMViPiSBdktv3zkgAnX4BXojNxr4CXE5khbwk
1,HFCCQYHG1k7SnNLjnTKNHTRfPQtK7Diq1xdk4k4GB4wR
1,HFX94Qf68Cecw76dgKMK1aamDGzfeHQCM6nZs5pfx9Wo
1,HFXWX8WQ8ZCHdvXmTLw1CHx68A49meRH7XozTUWSMvTw
1,HFzYUEaDCD1gmRqaeAkwpqdAMG6ssFwRj2ars13sU5k1
1,HGCjqc9BEYeCnn8ybE1jfgK9rX8VXxWx3zamWXh4hUaz
1,HGPWCWeyRhQGoJYMVscuPwBDRmvgg8kp9gF9cU3T3G6i
1,HHG3Phc3FWnSjoh57xmhF2hzKwf1SYdebaEsdhozfzsd
1,HHnxdMwpkdU5aPaYEC9kfMPEY5JUPd3fQprYHuXY1Lfs
1,HKfwJN3e1JCz2qZemtdiAQSe8WcdqfcCrb9cPoCXuW98
1,HL44unAYaDbtk5rsCK5WTdzTctcfG74pgn1sPWqRGjVM
1,HLkrpwVSAcSMxJBM4XYwNLGQyLFc89QEe1x9aBMWmt7H
1,HLnpSz9h2S4hiLQ43rnSD9XkcUThA7B8hQMKmDaiTLcC
1,HNm6F9ttSFAG6SiNTPte6eoxmbuVrY4ZGsHqmD7Qet36
1,HNt4sfTQBSAYQz8z1pYZKYVVEDbsdx74X5DMmtrSFo9E
1,HPmduy4TsAEnkQfEEXwWfkeTF9AV8vcDfWRcVrg7ygPE
1,HQ5Mb3kYduFJsEKmyUfid4EWwXZFG8c8GT5NAZse5gjK
1,HQxvYmxucJc7TgLnQhXhqntXVo8P7xmuWdYZ9CDkhHhE
1,HRokMqqK9xX1F8byV1aJ3cyi3HjhgjHVNT8P61yAZRMQ
1,HRwWh54mJow4oL7q3ViUSYSx5zkhF9iYc7fddJ8JRqmm
1,HS8ezHXwR7GBB59PecXho4KFNPcCva95CpeDe2UXeMT4
1,HSmMNcqaSJXS2yS4ZJmCY8v8m8MFU4BPptQWWuNvhvMy
1,HU52xXbK4RBfV5ZMkMSizgevXnhScqpWLYPYrEy6FdTF
1,HVM73BVZgFRb4i8bAB87RdmdtRTvgPsP47ZJzNXX6XWk
1,HW3i5ssLK84CuEz5MzNswiocyhHYLhr1nmSpmkaNb7wU
1,HW4rnNVLVQHtPpGMVVc6RYc43eKQj9se2nHGddj16ctp
1,HWhRDiMjdGQcF2wt5fx37gZUC6NUamJypcArNi4fieRM
1,HX26N2BTSazhLEM3fYPZeWHKfYdCQYXxLBSryfQjoTSQ
1,HYBzFae7qDMSyvq69HF1B7D9ZF6asNzSVC2wuRfkmy51
1,HZ3Koogb8n4uieQr6UheJFSZckH2iARBvuWFo9k996r2
1,HZw8oZTKAgNvjpzjNtfnmLBuqptSQk9yYACTkdWXYwAd
1,Ha3HJ9MZUCyVY6ADPcGoFDpWKgdhjsvfWJjsbMQXRxnz
1,Ha8Pgjhbx2zrx9CssQQsdStHFcgnZhieRJsumDH1BXGg
1,HbPdhqJsXL82YuubqsFpivwgx6EjfXxL25DHUfjei1Pe
1,HbQ5BxJXs5QhRSUoK5cuWFP4pXpXZUZ9ByP61FEFhAqs
1,HbRUqsx9cTYtexuzdVYNCXMdZsLYJGxELPFozPxjqmGA
1,HbctuEC6iCw6tYLctBQGg21y8r7FzphtzpukansDivPh
1,Hby2kf8SyJxp4Xdpe9SzEvxyBTJBKdriK1hv61QN38DA
1,Hc2LFD6Z42u6nDPy9J9W9e3fKyuHgkhxDketidFgiPqX
1,HdE8XCaTQtuhncE4vxDUB5MayoUJHYU1WcBfRrb5uP67
1,HeUS2xmvKre16W6RmwhKE1sijUrez92gnF9LKGD5mdhg
1,HeeVXJ1sHQsh38QYbnq3BWBqWDSCqqE2woZ9a5wCSo4V
1,HenMYdiThs1disRUmhmFQaNQP6YhV4t9fsCa21jAXX4J
1,HfpgNL1N88NaVeqs7ddud5uicnP5GAAZKPsrBNJ5UGV1
1,HiYXAE1cmkVJcVTvDWe4goav5pCvUBQxjJfazHtEw5ko
1,HiqgZiAiqwEeyLihUMNhkwpbm8jAsuxZAyyCfN6tyqhH
1,HjZua7drzaw2pF83ShCk8HnX9315YSpcpL1AaGp5Lyga
1,HjjNfRikdKbVVV9KD98DFGuAtTsSTEXxsFgDfs1HiyZH
1,HnUy7AbdoXYT7SEftNFVy7vcdZZu4sEXVFxYrghwxu8L
1,HnjT7uyu1AgDVeLWkuzeWxxXtQpJimvJ6F2F8HQydUqk
1,Hnt6TL6seTcTnmyyniuMcGWgvQ4VHoETccN2S5n9yAxm
1,Ho2G75vbZxVFtL8gAXDf4MGmxNCRLPdn9SNWgeSDb4eY
1,Ho5E6bNCXZGLec8KWdRkNPyLyhyjHQCX1DZLwQhcRnjJ
1,HoRtRXGFU1JAUxjxsXzkimuePKphLwEBzL3gRHhWiDSZ
1,HqfvmU99b3SRN9vJ7XUccGLGdzLm9nH2xcF444fDhsK
1,Hr8LDRy32HaEpeZYZAsbTSbk9qpi2rPjgjhNRuRp7axG
1,HrG3RqLVwChVTPtUEjCumaLD83EqwcQ48zkjdoH2EhMv
1,HrhmW7NjasLfemUezeogo1PS7vRrnHhTtV8ES5RZE4rE
1,HtTgsyvgA5CkypXR8DeboFAEfDKrFQHfNbMs2YfqgwSm
1,HtdkgpqrLv1CUVvK3DDdLepeyXWrewdUvVUfHmUc2vQ4
1,HtfcBguVsfFDvYgVPLdtHYMSsvdNMHYjzPN4T8d5ZRkb
1,Htj1NQBSU196RWygrscAboyobkTm9wMMf8pBQM3S8bV5
1,HuNCsp8BQGykYkuKJvuiUW2thEQaWxicNAbTtmLHd5yP
1,Hut93aQpmsxNsmHN118kqLbbL8mRx9FqoBPjryJsRAEk
1,Hv6AKGzLr7bkZo3tL6qrvakWYUupfmdMAkzGbhfGiZKE
1,Hw6W7PGMVk29nFYx5GC3GfiPzPHpLqDWdr49eJPTndgi
1,Hwarm81sH1QsnXL6YRNbK4SjC2nW6MbrRLyq6fCgEXxn
1,Hwz5vfeMdkxhLC4LjFjoXZUQ1MTqKNbCaHErYyZh6hu8
1,Hx868PAnt1arbSXKV25BawZZLVQVGUJyyCdMV5wnMb1t
1,Hy6QzKEbW6rWSPN6d4VqZ96ax7gh239Josa9vQi85exF
1,HyBR3Q93jam9bsBkJoCXhuztA6ym7RzgPbmNReSeLW4P
1,Hym6xG9e9NaF88UbdjNrC31nDz39TtYi9v4Pu2fhBY5T
1,HzUnUV7uWf7cuNjPFBpF7pzCv8QuVbdfmUt1TbJa7usr
1,J1Bu1r5MZgXX6wnz3z6uxP7FCYc9EaePT7d3X9u4AiZ6
1,J1i1uFcPCzM4uumVQS7zBdtfmrzTLmMxMarNDvvGCJsu
1,J2GeKySVLS7zM2CqUHbvULJpH4WSwvSQNsDFTgymim3K
1,J2KYW9p2ZTGtJXF9LWELz113dNwvSemKQySUcmFx6YVg
1,J3t1T66YMsEJNtENfbJQuKjduZpqbTcprDtWG5Newqnw
1,J3vt8yUhSWPKddsurCtnwCRmX4prtRhfBeBd1wPgv1Q2
1,J4wkY6ZZUVZtEwj5wBBAKWzprpViB2n9giMUoNLqZY5Q
1,J53NrErN5CLUEA1AByd9i5z1zvQ2eFeuN3hMhu9xwMsW
1,J57YaTU12pj8knMJLsGTH79ki7FRE4Y6gcaepfPxuHnG
1,J5WX1rURB7njFdUKJznwJWtoqpS8RFcH61deUzJd1cHk
1,J5xrvij1V89h6z3AtpHoMbfvnbULoUBY43PgzVG4qPca
1,J6ystQtQjPmTdoZgqHp9D99TpZ19JtcdXet8T72zxSCN
1,J76R8hZPfh2rfAfo3QFgf6KV1PwP4AdNp7XiYYRBefrC
1,J7cwgqJKJYXXhiyLRm2KhitaXYdmZqmBGFnD1DHCkSw3
1,J84Cv1sQ3d5nsHf7awcrKzfQtHXJ99AUSXqThrY3sNyc
1,J8HCeams1gn9zaQecbma6jZNin3CJXHihWgGgDG9txLE
1,J8tMBtmHmuiSyU2svUGkbhs4PTKb9Zvyr2CRcnraNRnR
1,JA9YBMKaTS7qy1tdv3CxxTQsSYC4qat6kpxzXyVUAe3E
1,JAcynpK3nXpZvn5DjyaKhs3vKPUNvXpyrCkFtqvAtND2
1,JB4XAc4v8mnBNDyKKrYngYR3WhY9eamcqrw2dBK6Psie
1,JBqsNzzGMFzfFEAGUEgVRJaE1X6DuNsKxvK3ZNwyejq7
1,JBzF5x83bcLn12UXYyA12syZNum8SByxyLWmpRAAWJpS
1,JD97NA4zyEL41TkPahDVPvDinvdcsCNqUxgzcyrCR39h
1,JDrZqwGoabtC9TwUVkar5SAbJ3CmfMqC9xd7Vdr1YXEB
1,JLBK4umGDM1XWpdQgBGuGBsZiz1gVRuJ6veZVwMtjsE
1,Jh97hyaUnYAjuvNjbsN6r3zgWiCrYMs19iLkKzKTiRC
1,JxuQKejWq6TuV5bTAPE4PNVPvzeceCVRh6uAUrv65oo
1,KVSwSuyYKmvAqb9s7unbM7B4Z63UB4meXMZHYh6Jdfo
1,L3g4uUDv5SCtqgLogEWk1uKm8zkjH2dM6YvjVkP73SD
1,MS1KprA85jnqQDHDtqRrYXzdLGsDABYKR3mRwhQiaqs
1,NENVoS7hwkxytdiq1uABUSUfLJsF5HF22tLXUjaYRG2
1,NxNxogKuhktz7vHEqgxjBaaMSuFJUnpHwPC32j3uZVD
1,PMJhv2aVgNrkCM71GJmMNbX7FH2dfR1vecyxeFW5Rpd
1,PMMLT7R84vc4jzQwA2E4uChfpjekodGC7a9KiWzRU33
1,QBquYXLTMXumMEs9oGKhnVmrNWbiuW6N4d5wsfFfuFr
1,SmZ3TRChWFUzj9yRLZbgyo2bDNnPiRuShzhMYEm38Wh
1,So11111111111111111111111111111111111111112
1,TWsjvSqXV7oGD76whXxM8fH5rviUn7di92v29U1yccW
1,TpEpm7t9VjTsNLt34L2zZMvTDwYEAWh7EeFT8kYwtqU
1,Unhu87Y5whtWkzij1G9veeu8b2r3q7xoD3b2QtxEiRc
1,UwaqVwaFee6X1fQsHtiBA1cmBYt73P7YQuY6aKNuswC
1,W2ynreJrCFiuvSvGKMd6pSsU8zCMG3wpNgL1ATH22p2
1,WpGcsB8G1N1Mo78b8T8p6SENCF1zTY4XdkRy2pw8LuC
1,WywG3uoxhrFktu9HubVX1TRzpfyPDD2S7wTngeT4Jo3
1,XbQmjCjdJN4gv2J5AaPQDDwRTFV3aPR7CdNTyA1wEcN
1,ZC2egxHMUYGjRCiVAp4tmjTDReKviEEfCn1hpqKytWv
1,ZQnQjRDD1i6jDhSLyyR7Zam46GfrDXkWgazj7xGRdpb
1,Zd2XPhgBPc72r2N7eXiymcnki9gGGyFVSG28HCVFYAH
1,Zwv3ZgEBWdHwnc4hTYtp33vMEZbrSTVi8NzJsPNKX9N
1,aT1ZVHkVEzK8xwoRdfeRbSBmCmsPozvvtDjsWjgxv1u
1,ahfzHyz4sVJZsT7Worq2S9xRgREfPQe76dSaSynNbLg
1,bFqPTW6qBXjAaVREwuJ9gQ44SgQTMydKPaz1fTEti2f
1,bpRFUoemd1FV2syo1dpFbkBAo8mKBu2EwCY4taq5aYV
1,burn68h9dS2tvZwtCFMt79SyaEgvqtcZZWJphizQxgt
1,cDJaxweqFx2Xs5i4QQnXT1n8jT271ovZJ2pUNXcSoT9
1,d2b7TVoLdV5QDJuqhTL8npTv9mXF4KxpDk2twxAAiJk
1,eRktx5BCVZW5EtToj3sk5kGxKPTu9q6DswpMNEnUbjS
1,ek19jxDUP7vGwBqA5aXjyFMFf1Q7AYrCijnJ5qAi9Ws
1,ewF9Y4JxMgpKn92Rva17uhMDTwuGeEQYcnmBH7cS9XS
1,fEGzH4gLrFQDpq9Mzt5Xeq7PWDTRuk5h75iAn9dQFqR
1,fm5g7amdWpRhQtJPKQwUi5qEpZAbf2yM6kuAUrVw2Y1
1,fuuGY5z9nCQYZUyg12U92RLXMxVpmXwqA2uZBe5PYic
1,gwhgsXSXvjYZFbRXbpZiLTKjYJnF5GoXFR3S3D1jmvX
1,hMHs4f4AYc5o15eLy5swKgqF78An59Ch77p62J2HpL4
1,iswdcY75QmJArY7dfh8PWQroYE67kWhu7iVwJqMwnxd
1,j2ciaZY21Lop5qh56NxtRe7AhuawU8xvsASt2qFedQA
1,j3WJc6WWhTVyjFYftrP2GHTsiuQKNE3YHqZXQ8nmFua
1,jAs5xvXuuTYHwwfeDTXy5VEisi16K6b6GfvHiQFRZ24
1,jVZgPb1pjW82XFcXMztzM2JVoC8kB2AR2sQ5cE7EpJG
1,k7mhfSQcFCNBNjS8k3E3RmMsSawbAS9tykJeyQ1yNeW
1,kggyWDVPbCFTL5B41dWCB8CZmUiG3WeRALL4e8A6NPr
1,kyKTtQ5AiCYf38YHXHZsfrJcjrEKyKRRQ9tb1H2HLyx
1,m64ceS1H65KedFsGeWHtXTA1FnQFPgbG3zHXJrPTzEg
1,m8hHeLi2GznKJpVgNZsqbwBfXfDYzt13JnXcdbaYMGL
1,mUs4RA22dDMzGDvxhSL5WpmsxavXvgXMhjjRRymCddD
1,makJKGKpjxGC494bkB3vA579XtxmBYqRBuBNaHUyRRz
1,mberLkXgXatmWptEvh3CYgjo4hSErdSwbydv1jxGe6d
1,mvb1iKiWUCmNdLApED2kj3eSDu8s44mzRbH9SGMPvTs
1,nuTP4cquNeYjdSVvgVb87HWf4fddHBpP5kyrKAcuLBE
1,oUU1gY4C9tqqt3NsVMYvxY5Zwy6WKtkutLoZTVQeXHk
1,osorieXXxMQ2tLBeSB7J9huB3SdadcWVGRjjEGfwKnd
1,p2QaazpHpkXm4PS34a3tXwHMPGopEFWjDv83gQTnt6b
1,pACwJbz2pg5oAjNUczoBDpBxYFQb5qtBSddBZeGj1UV
1,qFeiWuUTzeNa6ZX5w1SQJB513VeJbn1H3agevvZrWGd
1,qNu32amjFLREu6QQQxJeCeRxqAp3KbytSvABTZmxTqd
1,qh33DyuPojunrvm6tnVn6d8MkBHEmKuVXKbfToggLPQ
1,qsV1syYAJ77zCVTVRFs1qYFziunFXWwxGspfu16CfTE
1,rXnC6Yviv61cy37tS9BXMyUJPy2M8XNLakDo6676CBL
1,rtp8t58oajy7KT3SQPfNSH56MovukuwndJNQo7ZySny
1,s5XFMST6kLktWsNE3yC81cWTxrxtivcDhodVrLzS8S5
1,sGRN8HhW9y2dqw7YKq7otsAYgok7pFofLWUNsZ6iJ6x
1,t91YpeXFNYaWH2YacSj45vmcwXaURTYmPKPZxCwi2vb
1,ukTDe4aTujvVqfD3CewefUmKZYaZ9T1aJdeiNLceuwf
1,uwCjSYdBRCPMiCEs6rgA3aXqUohcF9TQ2GqoFtzvmnu
1,xHX14f79Wc6bZXHq2PCSZDvr2417AeU3s1HA2NYgbnk
1,xWiQjgZvANnimyKukCwiLFmkwfjzisSA6WVV5FM3yrq
1,xbd1FFGQazg5t5TJ89ejCM7QtSoEvkMnuPas45vPB3K
1,xjqj75ovFMHDwxsQ8u1pKoLYRtHdZivyrVw8kDqEybH
1,y35GrCfQxhFLSmpPhrfRfzMQ3n4ngLMoHdsvrEhxgBw
1,y4h6gyWdq3uqtL4hpfE26a9Za3xdu9VbTjrBPDnjUi4
1,yobJotVat1VNjsJpcK4mjTxuWuEmTrng6VBhFDcxfH1
1,yqXTCFkZ1Go3hBTiMqYXVSk8LY5LVpFWCYG6AWYJx3L
1,zAr8uSoweAFQ7gtB5sKC8CHp1bYgeLPBSEoFc6T7q6d
